-- If you are missing this keys, recall the documentation and create them
ALTER TABLE `permission` DROP FOREIGN KEY `permission_ibfk_1` ;
ALTER TABLE `rolePermission` DROP FOREIGN KEY `rolePermission_ibfk_1` ;
ALTER TABLE `rolePermission` DROP FOREIGN KEY `rolePermission_ibfk_2` ;
-- MySQL dump 10.13  Distrib 5.1.44, for apple-darwin10.2.0 (i386)
--
-- Host: localhost    Database: apmgr
-- ------------------------------------------------------
-- Server version	5.1.44

/*!40101 SET @OLD_CHARACTER_SET_CLIENT=@@CHARACTER_SET_CLIENT */;
/*!40101 SET @OLD_CHARACTER_SET_RESULTS=@@CHARACTER_SET_RESULTS */;
/*!40101 SET @OLD_COLLATION_CONNECTION=@@COLLATION_CONNECTION */;
/*!40101 SET NAMES utf8 */;
/*!40103 SET @OLD_TIME_ZONE=@@TIME_ZONE */;
/*!40103 SET TIME_ZONE='+00:00' */;
/*!40014 SET @OLD_UNIQUE_CHECKS=@@UNIQUE_CHECKS, UNIQUE_CHECKS=0 */;
/*!40014 SET @OLD_FOREIGN_KEY_CHECKS=@@FOREIGN_KEY_CHECKS, FOREIGN_KEY_CHECKS=0 */;
/*!40101 SET @OLD_SQL_MODE=@@SQL_MODE, SQL_MODE='NO_AUTO_VALUE_ON_ZERO' */;
/*!40111 SET @OLD_SQL_NOTES=@@SQL_NOTES, SQL_NOTES=0 */;

--
-- Table structure for table `actions`
--

DROP TABLE IF EXISTS `actions`;
/*!40101 SET @saved_cs_client     = @@character_set_client */;
/*!40101 SET character_set_client = utf8 */;
CREATE TABLE `actions` (
  `id` int(11) NOT NULL AUTO_INCREMENT,
  `name` varchar(50) NOT NULL,
  `icon` varchar(90) DEFAULT NULL,
  `display` tinyint(4) NOT NULL DEFAULT '1',
  `dateCreated` datetime NOT NULL,
  `dateUpdated` datetime DEFAULT NULL,
  PRIMARY KEY (`id`),
  KEY `name` (`name`(2)),
  KEY `icon` (`icon`(6))
) ENGINE=InnoDB AUTO_INCREMENT=135 DEFAULT CHARSET=utf8;
/*!40101 SET character_set_client = @saved_cs_client */;

--
-- Dumping data for table `actions`
--

LOCK TABLES `actions` WRITE;
/*!40000 ALTER TABLE `actions` DISABLE KEYS */;
INSERT INTO `actions` VALUES (1,'Index','/images/dashboard/onebit_01.gif',1,'2010-08-20 17:05:42','2010-08-20 18:01:35'),(2,'Fee',NULL,1,'2010-08-20 17:05:42',NULL),(3,'Fees',NULL,1,'2010-08-20 17:05:42',NULL),(4,'Viewfeesdue',NULL,1,'2010-08-20 17:05:42',NULL),(5,'Viewfeespaid',NULL,1,'2010-08-20 17:05:42',NULL),(8,'Applyuser',NULL,1,'2010-08-20 17:05:42',NULL),(9,'Rentalcriminalhistory',NULL,1,'2010-08-20 17:05:42',NULL),(10,'Aboutyou',NULL,1,'2010-08-20 17:05:42',NULL),(11,'Currentaddress',NULL,1,'2010-08-20 17:05:42',NULL),(12,'Previousaddress',NULL,1,'2010-08-20 17:05:42',NULL),(13,'Currentworkhistory',NULL,1,'2010-08-20 17:05:42',NULL),(14,'Previousworkhistory',NULL,1,'2010-08-20 17:05:42',NULL),(15,'Credithistory',NULL,1,'2010-08-20 17:05:42',NULL),(16,'Spouse',NULL,1,'2010-08-20 17:05:42',NULL),(17,'Occupants',NULL,1,'2010-08-20 17:05:42',NULL),(18,'Vehicles',NULL,1,'2010-08-20 17:05:42',NULL),(19,'Emergencycontact',NULL,1,'2010-08-20 17:05:42',NULL),(20,'Whyyourented',NULL,1,'2010-08-20 17:05:42',NULL),(21,'Authorization',NULL,1,'2010-08-20 17:05:42',NULL),(22,'Payment',NULL,1,'2010-08-20 17:05:42',NULL),(23,'End',NULL,1,'2010-08-20 17:05:42',NULL),(24,'Removeinfo',NULL,1,'2010-08-20 17:05:42',NULL),(25,'Deleteevent',NULL,1,'2010-08-20 17:05:42',NULL),(26,'Deleteguest',NULL,1,'2010-08-20 17:05:42',NULL),(27,'Deleteallguests',NULL,1,'2010-08-20 17:05:42',NULL),(28,'Deleteeventtime',NULL,1,'2010-08-20 17:05:42',NULL),(29,'Updateevent',NULL,1,'2010-08-20 17:05:42',NULL),(30,'Dailyview',NULL,1,'2010-08-20 17:05:42',NULL),(31,'Weekview',NULL,1,'2010-08-20 17:05:42',NULL),(32,'Viewevent',NULL,1,'2010-08-20 17:05:42',NULL),(33,'Search',NULL,1,'2010-08-20 17:05:42',NULL),(34,'Error',NULL,1,'2010-08-20 17:05:42',NULL),(35,'Createaccount',NULL,1,'2010-08-20 17:05:42',NULL),(36,'Createaccounttransaction',NULL,1,'2010-08-20 17:05:42',NULL),(37,'Createdeposit',NULL,1,'2010-08-20 17:05:42',NULL),(38,'Createfee',NULL,1,'2010-08-20 17:05:42',NULL),(39,'Createaccountlink',NULL,1,'2010-08-20 17:05:42',NULL),(40,'Searchunit',NULL,1,'2010-08-20 17:05:42',NULL),(41,'Selectbill',NULL,1,'2010-08-20 17:05:42',NULL),(42,'Createbill',NULL,1,'2010-08-20 17:05:42',NULL),(43,'Noaccess',NULL,1,'2010-08-20 17:05:42',NULL),(44,'Updateaccount',NULL,1,'2010-08-20 17:05:42',NULL),(45,'Updateaccountlink',NULL,1,'2010-08-20 17:05:42',NULL),(46,'Updatedepositaccountlink',NULL,1,'2010-08-20 17:05:42',NULL),(47,'Updatefeeaccountlink',NULL,1,'2010-08-20 17:05:42',NULL),(48,'Updatedeposit',NULL,1,'2010-08-20 17:05:42',NULL),(49,'Updatefee',NULL,1,'2010-08-20 17:05:42',NULL),(50,'Updatefinancialaccountsetting',NULL,1,'2010-08-20 17:05:42',NULL),(51,'Viewaccounttransactions',NULL,1,'2010-08-20 17:05:42',NULL),(52,'Viewallaccounts',NULL,1,'2010-08-20 17:05:42',NULL),(53,'Viewalldeposits',NULL,1,'2010-08-20 17:05:42',NULL),(54,'Viewallfees',NULL,1,'2010-08-20 17:05:42',NULL),(55,'Viewaccount',NULL,1,'2010-08-20 17:05:42',NULL),(56,'Viewbill',NULL,1,'2010-08-20 17:05:42',NULL),(57,'Viewpaymentdetail',NULL,1,'2010-08-20 17:05:42',NULL),(58,'Viewallaccountlinks',NULL,1,'2010-08-20 17:05:42',NULL),(59,'Viewtransaction',NULL,1,'2010-08-20 17:05:42',NULL),(60,'Viewallfinancialaccountsettings',NULL,1,'2010-08-20 17:05:42',NULL),(61,'Viewfinancialaccountsetting',NULL,1,'2010-08-20 17:05:42',NULL),(62,'Db',NULL,1,'2010-08-20 17:05:42',NULL),(63,'Text',NULL,1,'2010-08-20 17:05:42',NULL),(64,'Read',NULL,1,'2010-08-20 17:05:42',NULL),(65,'Createmaintenancerequestadmin',NULL,1,'2010-08-20 17:05:42',NULL),(66,'Createmaintenancerequest',NULL,1,'2010-08-20 17:05:42',NULL),(67,'Configure',NULL,1,'2010-08-20 17:05:42',NULL),(68,'Populatedefaultassignedto',NULL,1,'2010-08-20 17:05:42',NULL),(69,'Viewallmaintenancerequests',NULL,1,'2010-08-20 17:05:42',NULL),(70,'Viewmaintenancerequest',NULL,1,'2010-08-20 17:05:42',NULL),(71,'Viewmaintenancerequestadmin',NULL,1,'2010-08-20 17:05:42',NULL),(72,'Viewmymaintenancerequests',NULL,1,'2010-08-20 17:05:42',NULL),(73,'Viewassignedrequests',NULL,1,'2010-08-20 17:05:42',NULL),(74,'Help',NULL,1,'2010-08-20 17:05:42',NULL),(75,'Update','/images/dashboard/onebit_20.gif',1,'2010-08-20 17:05:42','2010-08-20 18:14:37'),(76,'Viewallmodules','/images/dashboard/onebit_02.gif',1,'2010-08-20 17:05:42','2010-08-20 18:15:33'),(77,'View','/images/dashboard/onebit_02.gif',1,'2010-08-20 17:05:42','2010-08-20 18:16:17'),(78,'Roleaccess',NULL,1,'2010-08-20 17:05:42',NULL),(79,'Delete','/images/dashboard/onebit_32.gif',1,'2010-08-20 17:05:42','2010-08-20 18:17:34'),(80,'Createamenity',NULL,1,'2010-08-20 17:05:42',NULL),(81,'Createapartment',NULL,1,'2010-08-20 17:05:42',NULL),(82,'Createleasefee',NULL,1,'2010-08-20 17:05:42',NULL),(83,'Createleasedeposit',NULL,1,'2010-08-20 17:05:42',NULL),(84,'Createunitsingle','/images/dashboard/onebit_48.gif',1,'2010-08-20 17:05:42','2010-08-20 18:19:31'),(85,'Createunitbulk','/images/dashboard/onebit_48.gif',1,'2010-08-20 17:05:42','2010-08-20 18:20:11'),(86,'Createunitmodel','/images/dashboard/onebit_48.gif',1,'2010-08-20 17:05:42','2010-08-20 18:21:23'),(87,'Createmodelrentschedule','/images/dashboard/onebit_48.gif',1,'2010-08-20 17:05:42','2010-08-20 18:22:29'),(88,'Unitmodelindex','/images/dashboard/onebit_01.gif',1,'2010-08-20 17:05:42','2010-08-20 18:25:32'),(89,'Amenityindex','/images/dashboard/onebit_01.gif',1,'2010-08-20 17:05:42','2010-08-20 18:26:25'),(90,'Addusertolist',NULL,1,'2010-08-20 17:05:42',NULL),(91,'Removeuserfromlist',NULL,1,'2010-08-20 17:05:42',NULL),(92,'Confirmation',NULL,1,'2010-08-20 17:05:42',NULL),(93,'Enterdiscounts',NULL,1,'2010-08-20 17:05:42',NULL),(94,'Entermoveindate',NULL,1,'2010-08-20 17:05:42',NULL),(95,'Searchaddtenet',NULL,1,'2010-08-20 17:05:42',NULL),(96,'Selectfeedeposit',NULL,1,'2010-08-20 17:05:42',NULL),(97,'Selectrentschedule',NULL,1,'2010-08-20 17:05:42',NULL),(98,'Startleasewizard',NULL,1,'2010-08-20 17:05:42',NULL),(99,'Deleteapartment',NULL,1,'2010-08-20 17:05:42',NULL),(100,'Deleteunitmetadata',NULL,1,'2010-08-20 17:05:42',NULL),(101,'Viewunittenet','/images/dashboard/onebit_02.gif',1,'2010-08-20 17:05:42','2010-08-20 18:31:14'),(102,'Addtounit',NULL,1,'2010-08-20 17:05:42',NULL),(103,'Cancellease',NULL,1,'2010-08-20 17:05:42',NULL),(104,'Updateamenity',NULL,1,'2010-08-20 17:05:42',NULL),(105,'Updateapartment',NULL,1,'2010-08-20 17:05:42',NULL),(106,'Updateunit',NULL,1,'2010-08-20 17:05:42',NULL),(107,'Updateunitmodel',NULL,1,'2010-08-20 17:05:42',NULL),(108,'Getregions',NULL,1,'2010-08-20 17:05:42',NULL),(109,'Viewallamenities',NULL,1,'2010-08-20 17:05:42',NULL),(110,'Viewallapartments',NULL,1,'2010-08-20 17:05:42',NULL),(111,'Viewallunitmodels',NULL,1,'2010-08-20 17:05:42',NULL),(112,'Viewallmodelrentschedule','/images/dashboard/onebit_02.gif',1,'2010-08-20 17:05:42','2010-08-20 18:32:25'),(113,'Viewallunits',NULL,1,'2010-08-20 17:05:42',NULL),(114,'Viewapartment',NULL,1,'2010-08-20 17:05:42',NULL),(115,'Viewlease',NULL,1,'2010-08-20 17:05:42',NULL),(116,'Viewleaselist',NULL,1,'2010-08-20 17:05:42',NULL),(117,'Viewmodelrentschedule',NULL,1,'2010-08-20 17:05:42',NULL),(118,'Viewunit',NULL,1,'2010-08-20 17:05:42',NULL),(119,'Viewunitmodel',NULL,1,'2010-08-20 17:05:42',NULL),(120,'Unitsforrent',NULL,1,'2010-08-20 17:05:42',NULL),(121,'Viewunitgraphics',NULL,1,'2010-08-20 17:05:42',NULL),(122,'Show',NULL,1,'2010-08-20 17:05:42',NULL),(123,'Addpicture',NULL,1,'2010-08-20 17:05:42',NULL),(124,'Changepwd',NULL,1,'2010-08-20 17:05:42',NULL),(125,'Changerole',NULL,1,'2010-08-20 17:05:42',NULL),(126,'Logout',NULL,1,'2010-08-20 17:05:42',NULL),(127,'Paymentconfirmation',NULL,1,'2010-08-22 20:08:34',NULL),(128,'Updaterentprorationsettings',NULL,1,'2010-08-22 20:08:34',NULL),(129,'Updatepermission',NULL,1,'2010-08-28 14:02:44',NULL),(130,'Viewmodules',NULL,1,'2010-08-28 14:02:44',NULL),(131,'Viewcontrollers',NULL,1,'2010-08-28 14:02:44',NULL),(132,'Viewactions',NULL,1,'2010-08-28 14:02:44',NULL),(133,'Apply',NULL,1,'2010-08-29 19:07:06',NULL),(134,'Waitlist',NULL,1,'2010-09-01 10:10:16',NULL);
/*!40000 ALTER TABLE `actions` ENABLE KEYS */;
UNLOCK TABLES;

--
-- Table structure for table `controllers`
--

DROP TABLE IF EXISTS `controllers`;
/*!40101 SET @saved_cs_client     = @@character_set_client */;
/*!40101 SET character_set_client = utf8 */;
CREATE TABLE `controllers` (
  `id` int(11) NOT NULL AUTO_INCREMENT,
  `name` varchar(90) NOT NULL,
  `icon` varchar(250) DEFAULT NULL,
  `display` tinyint(4) NOT NULL DEFAULT '0',
  `dateCreated` datetime NOT NULL,
  `dateUpdated` datetime DEFAULT NULL,
  PRIMARY KEY (`id`),
  KEY `name` (`name`(5))
) ENGINE=InnoDB AUTO_INCREMENT=19 DEFAULT CHARSET=utf8 COMMENT='All the controllers that we have';
/*!40101 SET character_set_client = @saved_cs_client */;

--
-- Dumping data for table `controllers`
--

LOCK TABLES `controllers` WRITE;
/*!40000 ALTER TABLE `controllers` DISABLE KEYS */;
INSERT INTO `controllers` VALUES (1,'Create','/images/dashboard/onebit_48.gif',1,'2010-08-20 17:05:42','2010-08-20 17:43:20'),(2,'Index','/images/dashboard/onebit_01.gif',1,'2010-08-20 17:05:42','2010-08-20 17:43:59'),(3,'Delete','/images/dashboard/onebit_32.gif',1,'2010-08-20 17:05:42','2010-08-20 17:44:17'),(4,'Backend',NULL,0,'2010-08-20 17:05:42',NULL),(5,'Update','/images/dashboard/onebit_20.gif',1,'2010-08-20 17:05:42','2010-08-20 17:45:59'),(6,'View','/images/dashboard/onebit_02.gif',1,'2010-08-20 17:05:42','2010-08-20 17:46:26'),(7,'Dashboard',NULL,0,'2010-08-20 17:05:42',NULL),(8,'Apply',NULL,0,'2010-08-20 17:05:42',NULL),(9,'Error',NULL,0,'2010-08-20 17:05:42',NULL),(10,'Bulk',NULL,0,'2010-08-20 17:05:42',NULL),(11,'Setting',NULL,0,'2010-08-20 17:05:42',NULL),(12,'Search','/images/dashboard/navigate_48.gif',1,'2010-08-20 17:05:42','2010-08-23 20:07:56'),(13,'Leasewizard',NULL,0,'2010-08-20 17:05:42',NULL),(14,'Tenet',NULL,0,'2010-08-20 17:05:42',NULL),(15,'Add',NULL,0,'2010-08-20 17:05:42',NULL),(16,'Join',NULL,0,'2010-08-20 17:05:42',NULL),(17,'Login',NULL,0,'2010-08-20 17:05:42',NULL),(18,'Waitlist',NULL,0,'2010-08-29 19:07:06',NULL);
/*!40000 ALTER TABLE `controllers` ENABLE KEYS */;
UNLOCK TABLES;

--
-- Table structure for table `modules`
--

DROP TABLE IF EXISTS `modules`;
/*!40101 SET @saved_cs_client     = @@character_set_client */;
/*!40101 SET character_set_client = utf8 */;
CREATE TABLE `modules` (
  `id` int(11) NOT NULL AUTO_INCREMENT,
  `name` varchar(50) NOT NULL,
  `icon` varchar(250) DEFAULT NULL,
  `display` tinyint(4) NOT NULL DEFAULT '0',
  `dateCreated` datetime NOT NULL,
  `dateUpdated` datetime DEFAULT NULL,
  PRIMARY KEY (`id`),
  KEY `name` (`name`(5))
) ENGINE=InnoDB AUTO_INCREMENT=14 DEFAULT CHARSET=utf8 COMMENT='The content of the modules folder, ie all the modules';
/*!40101 SET character_set_client = @saved_cs_client */;

--
-- Dumping data for table `modules`
--

LOCK TABLES `modules` WRITE;
/*!40000 ALTER TABLE `modules` DISABLE KEYS */;
INSERT INTO `modules` VALUES (1,'applicant','/images/dashboard/cb.gif',1,'2010-08-20 17:05:42',NULL),(2,'calendar','/images/dashboard/calendar.png',1,'2010-08-20 17:05:42',NULL),(3,'default','/images/dashboard/ok.gif',1,'2010-08-20 17:05:42',NULL),(4,'financial','/images/dashboard/dollar.gif',1,'2010-08-20 17:05:42',NULL),(5,'logs',NULL,0,'2010-08-20 17:05:42',NULL),(6,'maintenance','/images/dashboard/spanner_48.gif',1,'2010-08-20 17:05:42',NULL),(7,'messages','/images/dashboard/messages.gif',1,'2010-08-20 17:05:42',NULL),(8,'modules',NULL,0,'2010-08-20 17:05:42',NULL),(9,'permission','/images/dashboard/onebit_04.gif',1,'2010-08-20 17:05:42',NULL),(10,'role','/images/dashboard/role.gif',1,'2010-08-20 17:05:42',NULL),(11,'settings','/images/dashboard/database_48.gif',1,'2010-08-20 17:05:42','2010-08-20 17:39:16'),(12,'unit','/images/dashboard/apartment.gif',1,'2010-08-20 17:05:42',NULL),(13,'user',NULL,0,'2010-08-20 17:05:42',NULL);
/*!40000 ALTER TABLE `modules` ENABLE KEYS */;
UNLOCK TABLES;

--
-- Table structure for table `permission`
--

DROP TABLE IF EXISTS `permission`;
/*!40101 SET @saved_cs_client     = @@character_set_client */;
/*!40101 SET character_set_client = utf8 */;
CREATE TABLE `permission` (
  `id` int(11) NOT NULL AUTO_INCREMENT,
  `moduleId` int(11) NOT NULL,
  `controllerId` int(11) NOT NULL,
  `actionId` int(11) NOT NULL,
  `alias` varchar(50) NOT NULL,
  `dateCreated` datetime NOT NULL,
  `dateUpdated` datetime DEFAULT NULL,
  PRIMARY KEY (`id`),
  KEY `moduleId` (`moduleId`)
) ENGINE=InnoDB AUTO_INCREMENT=199 DEFAULT CHARSET=utf8;
/*!40101 SET character_set_client = @saved_cs_client */;

--
-- Dumping data for table `permission`
--

LOCK TABLES `permission` WRITE;
/*!40000 ALTER TABLE `permission` DISABLE KEYS */;
INSERT INTO `permission` VALUES (1,1,1,1,'Applicant Create Index','2010-08-20 17:05:42',NULL),(2,1,1,2,'Applicant Create Fee','2010-08-20 17:05:42',NULL),(3,1,3,2,'Applicant Delete Fee','2010-08-20 17:05:42',NULL),(4,1,4,1,'Applicant Backend Index','2010-08-20 17:05:42',NULL),(5,1,6,1,'Applicant View Index','2010-08-20 17:05:42',NULL),(6,1,6,3,'Applicant View Fees','2010-08-20 17:05:42',NULL),(7,1,7,1,'Applicant Dashboard Index','2010-08-20 17:05:42',NULL),(8,1,7,4,'Applicant Dashboard Viewfeesdue','2010-08-20 17:05:42',NULL),(9,1,7,5,'Applicant Dashboard Viewfeespaid','2010-08-20 17:05:42',NULL),(10,1,8,1,'Applicant Apply Index','2010-08-20 17:05:42',NULL),(13,1,8,8,'Applicant Apply Applyuser','2010-08-20 17:05:42',NULL),(14,1,8,9,'Applicant Apply Rentalcriminalhistory','2010-08-20 17:05:42',NULL),(15,1,8,10,'Applicant Apply Aboutyou','2010-08-20 17:05:42',NULL),(16,1,8,11,'Applicant Apply Currentaddress','2010-08-20 17:05:42',NULL),(17,1,8,12,'Applicant Apply Previousaddress','2010-08-20 17:05:42',NULL),(18,1,8,13,'Applicant Apply Currentworkhistory','2010-08-20 17:05:42',NULL),(19,1,8,14,'Applicant Apply Previousworkhistory','2010-08-20 17:05:42',NULL),(20,1,8,15,'Applicant Apply Credithistory','2010-08-20 17:05:42',NULL),(21,1,8,16,'Applicant Apply Spouse','2010-08-20 17:05:42',NULL),(22,1,8,17,'Applicant Apply Occupants','2010-08-20 17:05:42',NULL),(23,1,8,18,'Applicant Apply Vehicles','2010-08-20 17:05:42',NULL),(24,1,8,19,'Applicant Apply Emergencycontact','2010-08-20 17:05:42',NULL),(25,1,8,20,'Applicant Apply Whyyourented','2010-08-20 17:05:42',NULL),(26,1,8,21,'Applicant Apply Authorization','2010-08-20 17:05:42',NULL),(28,1,8,23,'Applicant Apply End','2010-08-20 17:05:42',NULL),(29,1,8,24,'Applicant Apply Removeinfo','2010-08-20 17:05:42',NULL),(30,2,1,1,'Calendar Create Index','2010-08-20 17:05:42',NULL),(31,2,2,1,'Calendar Index Index','2010-08-20 17:05:42',NULL),(32,2,3,25,'Calendar Delete Deleteevent','2010-08-20 17:05:42',NULL),(33,2,3,26,'Calendar Delete Deleteguest','2010-08-20 17:05:42',NULL),(34,2,3,27,'Calendar Delete Deleteallguests','2010-08-20 17:05:42',NULL),(35,2,3,28,'Calendar Delete Deleteeventtime','2010-08-20 17:05:42',NULL),(36,2,5,29,'Calendar Update Updateevent','2010-08-20 17:05:42',NULL),(37,2,6,1,'Calendar View Index','2010-08-20 17:05:42',NULL),(38,2,6,30,'Calendar View Dailyview','2010-08-20 17:05:42',NULL),(39,2,6,31,'Calendar View Weekview','2010-08-20 17:05:42',NULL),(40,2,6,32,'Calendar View Viewevent','2010-08-20 17:05:42',NULL),(41,3,2,1,'Default Index Index','2010-08-20 17:05:42',NULL),(42,3,2,33,'Default Index Search','2010-08-20 17:05:42',NULL),(43,3,9,34,'Default Error Error','2010-08-20 17:05:42',NULL),(44,4,1,35,'Financial Create Createaccount','2010-08-20 17:05:42',NULL),(45,4,1,36,'Financial Create Createaccounttransaction','2010-08-20 17:05:42',NULL),(46,4,1,37,'Financial Create Createdeposit','2010-08-20 17:05:42',NULL),(47,4,1,38,'Financial Create Createfee','2010-08-20 17:05:42',NULL),(48,4,1,39,'Financial Create Createaccountlink','2010-08-20 17:05:42',NULL),(49,4,1,40,'Financial Create Searchunit','2010-08-20 17:05:42',NULL),(50,4,1,41,'Financial Create Selectbill','2010-08-20 17:05:42',NULL),(51,4,1,42,'Financial Create Createbill','2010-08-20 17:05:42',NULL),(52,4,2,1,'Financial Index Index','2010-08-20 17:05:42',NULL),(53,4,9,34,'Financial Error Error','2010-08-20 17:05:42',NULL),(54,4,9,43,'Financial Error Noaccess','2010-08-20 17:05:42',NULL),(55,4,5,44,'Financial Update Updateaccount','2010-08-20 17:05:42',NULL),(56,4,5,45,'Financial Update Updateaccountlink','2010-08-20 17:05:42',NULL),(57,4,5,46,'Financial Update Updatedepositaccountlink','2010-08-20 17:05:42',NULL),(58,4,5,47,'Financial Update Updatefeeaccountlink','2010-08-20 17:05:42',NULL),(59,4,5,48,'Financial Update Updatedeposit','2010-08-20 17:05:42',NULL),(60,4,5,49,'Financial Update Updatefee','2010-08-20 17:05:42',NULL),(61,4,5,50,'Financial Update Updatefinancialaccountsetting','2010-08-20 17:05:42',NULL),(62,4,6,51,'Financial View Viewaccounttransactions','2010-08-20 17:05:42',NULL),(63,4,6,52,'Financial View Viewallaccounts','2010-08-20 17:05:42',NULL),(64,4,6,53,'Financial View Viewalldeposits','2010-08-20 17:05:42',NULL),(65,4,6,54,'Financial View Viewallfees','2010-08-20 17:05:42',NULL),(66,4,6,55,'Financial View Viewaccount','2010-08-20 17:05:42',NULL),(67,4,6,56,'Financial View Viewbill','2010-08-20 17:05:42',NULL),(68,4,6,57,'Financial View Viewpaymentdetail','2010-08-20 17:05:42',NULL),(69,4,6,58,'Financial View Viewallaccountlinks','2010-08-20 17:05:42',NULL),(70,4,6,59,'Financial View Viewtransaction','2010-08-20 17:05:42',NULL),(71,4,6,60,'Financial View Viewallfinancialaccountsettings','2010-08-20 17:05:42',NULL),(72,4,6,61,'Financial View Viewfinancialaccountsetting','2010-08-20 17:05:42',NULL),(73,4,10,1,'Financial Bulk Index','2010-08-20 17:05:42',NULL),(74,5,2,1,'Logs Index Index','2010-08-20 17:05:42',NULL),(75,5,2,62,'Logs Index Db','2010-08-20 17:05:42',NULL),(76,5,2,63,'Logs Index Text','2010-08-20 17:05:42',NULL),(77,5,2,64,'Logs Index Read','2010-08-20 17:05:42',NULL),(78,5,9,34,'Logs Error Error','2010-08-20 17:05:42',NULL),(79,6,1,65,'Maintenance Create Createmaintenancerequestadmin','2010-08-20 17:05:42',NULL),(80,6,1,66,'Maintenance Create Createmaintenancerequest','2010-08-20 17:05:42',NULL),(81,6,2,1,'Maintenance Index Index','2010-08-20 17:05:42',NULL),(82,6,11,67,'Maintenance Setting Configure','2010-08-20 17:05:42',NULL),(83,6,11,68,'Maintenance Setting Populatedefaultassignedto','2010-08-20 17:05:42',NULL),(84,6,6,69,'Maintenance View Viewallmaintenancerequests','2010-08-20 17:05:42',NULL),(85,6,6,70,'Maintenance View Viewmaintenancerequest','2010-08-20 17:05:42',NULL),(86,6,6,71,'Maintenance View Viewmaintenancerequestadmin','2010-08-20 17:05:42',NULL),(87,6,6,72,'Maintenance View Viewmymaintenancerequests','2010-08-20 17:05:42',NULL),(88,6,6,73,'Maintenance View Viewassignedrequests','2010-08-20 17:05:42',NULL),(89,7,1,1,'Messages Create Index','2010-08-20 17:05:42',NULL),(90,7,2,1,'Messages Index Index','2010-08-20 17:05:42',NULL),(91,7,3,74,'Messages Delete Help','2010-08-20 17:05:42',NULL),(92,7,3,1,'Messages Delete Index','2010-08-20 17:05:42',NULL),(93,7,5,1,'Messages Update Index','2010-08-20 17:05:42',NULL),(94,7,6,1,'Messages View Index','2010-08-20 17:05:42',NULL),(95,8,2,1,'Modules Index Index','2010-08-20 17:05:42',NULL),(96,8,9,34,'Modules Error Error','2010-08-20 17:05:42',NULL),(97,8,5,1,'Modules Update Index','2010-08-20 17:05:42',NULL),(98,8,5,75,'Modules Update Update','2010-08-20 17:05:42',NULL),(99,8,6,1,'Modules View Index','2010-08-20 17:05:42',NULL),(100,8,6,76,'Modules View Viewallmodules','2010-08-20 17:05:42',NULL),(101,9,2,1,'Permission Index Index','2010-08-20 17:05:42',NULL),(102,9,9,34,'Permission Error Error','2010-08-20 17:05:42',NULL),(103,9,5,1,'Permission Update Index','2010-08-20 17:05:42',NULL),(104,9,6,1,'Permission View Index','2010-08-20 17:05:42',NULL),(105,9,6,77,'Permission View View','2010-08-20 17:05:42',NULL),(106,10,1,1,'Role Create Index','2010-08-20 17:05:42',NULL),(107,10,1,78,'Role Create Roleaccess','2010-08-20 17:05:42',NULL),(108,10,2,1,'Role Index Index','2010-08-20 17:05:42',NULL),(109,10,9,34,'Role Error Error','2010-08-20 17:05:42',NULL),(110,10,9,43,'Role Error Noaccess','2010-08-20 17:05:42',NULL),(111,10,3,1,'Role Delete Index','2010-08-20 17:05:42',NULL),(112,10,3,79,'Role Delete Delete','2010-08-20 17:05:42',NULL),(113,10,12,1,'Role Search Index','2010-08-20 17:05:42',NULL),(114,10,5,1,'Role Update Index','2010-08-20 17:05:42',NULL),(115,10,5,75,'Role Update Update','2010-08-20 17:05:42',NULL),(116,10,6,1,'Role View Index','2010-08-20 17:05:42',NULL),(117,10,6,77,'Role View View','2010-08-20 17:05:42',NULL),(119,11,1,1,'Settings Create Index','2010-08-20 17:05:42',NULL),(120,11,2,1,'Settings Index Index','2010-08-20 17:05:42',NULL),(121,11,5,1,'Settings Update Index','2010-08-20 17:05:42',NULL),(122,11,6,1,'Settings View Index','2010-08-20 17:05:42',NULL),(123,11,6,77,'Settings View View','2010-08-20 17:05:42',NULL),(124,12,1,1,'Unit Create Index','2010-08-20 17:05:42',NULL),(125,12,1,80,'Unit Create Createamenity','2010-08-20 17:05:42',NULL),(126,12,1,81,'Unit Create Createapartment','2010-08-20 17:05:42',NULL),(127,12,1,82,'Unit Create Createleasefee','2010-08-20 17:05:42',NULL),(128,12,1,83,'Unit Create Createleasedeposit','2010-08-20 17:05:42',NULL),(129,12,1,84,'Unit Create Createunitsingle','2010-08-20 17:05:42',NULL),(130,12,1,85,'Unit Create Createunitbulk','2010-08-20 17:05:42',NULL),(131,12,1,86,'Unit Create Createunitmodel','2010-08-20 17:05:42',NULL),(132,12,1,87,'Unit Create Createmodelrentschedule','2010-08-20 17:05:42',NULL),(133,12,2,1,'Unit Index Index','2010-08-20 17:05:42',NULL),(134,12,2,88,'Unit Index Unitmodelindex','2010-08-20 17:05:42',NULL),(135,12,2,89,'Unit Index Amenityindex','2010-08-20 17:05:42',NULL),(136,12,9,34,'Unit Error Error','2010-08-20 17:05:42',NULL),(137,12,13,90,'Unit Leasewizard Addusertolist','2010-08-20 17:05:42',NULL),(138,12,13,91,'Unit Leasewizard Removeuserfromlist','2010-08-20 17:05:42',NULL),(139,12,13,92,'Unit Leasewizard Confirmation','2010-08-20 17:05:42',NULL),(140,12,13,93,'Unit Leasewizard Enterdiscounts','2010-08-20 17:05:42',NULL),(141,12,13,94,'Unit Leasewizard Entermoveindate','2010-08-20 17:05:42',NULL),(142,12,13,95,'Unit Leasewizard Searchaddtenet','2010-08-20 17:05:42',NULL),(143,12,13,96,'Unit Leasewizard Selectfeedeposit','2010-08-20 17:05:42',NULL),(144,12,13,97,'Unit Leasewizard Selectrentschedule','2010-08-20 17:05:42',NULL),(145,12,13,98,'Unit Leasewizard Startleasewizard','2010-08-20 17:05:42',NULL),(146,12,3,1,'Unit Delete Index','2010-08-20 17:05:42',NULL),(147,12,3,79,'Unit Delete Delete','2010-08-20 17:05:42',NULL),(148,12,3,99,'Unit Delete Deleteapartment','2010-08-20 17:05:42',NULL),(149,12,3,100,'Unit Delete Deleteunitmetadata','2010-08-20 17:05:42',NULL),(150,12,12,1,'Unit Search Index','2010-08-20 17:05:42',NULL),(151,12,14,101,'Unit Tenet Viewunittenet','2010-08-20 17:05:42',NULL),(152,12,14,95,'Unit Tenet Searchaddtenet','2010-08-20 17:05:42',NULL),(153,12,14,102,'Unit Tenet Addtounit','2010-08-20 17:05:42',NULL),(154,12,5,1,'Unit Update Index','2010-08-20 17:05:42',NULL),(155,12,5,103,'Unit Update Cancellease','2010-08-20 17:05:42',NULL),(156,12,5,104,'Unit Update Updateamenity','2010-08-20 17:05:42',NULL),(157,12,5,105,'Unit Update Updateapartment','2010-08-20 17:05:42',NULL),(158,12,5,106,'Unit Update Updateunit','2010-08-20 17:05:42',NULL),(159,12,5,107,'Unit Update Updateunitmodel','2010-08-20 17:05:42',NULL),(160,12,5,108,'Unit Update Getregions','2010-08-20 17:05:42',NULL),(161,12,6,109,'Unit View Viewallamenities','2010-08-20 17:05:42',NULL),(162,12,6,110,'Unit View Viewallapartments','2010-08-20 17:05:42',NULL),(163,12,6,111,'Unit View Viewallunitmodels','2010-08-20 17:05:42',NULL),(164,12,6,112,'Unit View Viewallmodelrentschedule','2010-08-20 17:05:42',NULL),(165,12,6,113,'Unit View Viewallunits','2010-08-20 17:05:42',NULL),(166,12,6,114,'Unit View Viewapartment','2010-08-20 17:05:42',NULL),(167,12,6,115,'Unit View Viewlease','2010-08-20 17:05:42',NULL),(168,12,6,116,'Unit View Viewleaselist','2010-08-20 17:05:42',NULL),(169,12,6,117,'Unit View Viewmodelrentschedule','2010-08-20 17:05:42',NULL),(170,12,6,118,'Unit View Viewunit','2010-08-20 17:05:42',NULL),(171,12,6,119,'Unit View Viewunitmodel','2010-08-20 17:05:42',NULL),(172,12,6,120,'Unit View Unitsforrent','2010-08-20 17:05:42',NULL),(173,12,6,121,'Unit View Viewunitgraphics','2010-08-20 17:05:42',NULL),(174,12,6,122,'Unit View Show','2010-08-20 17:05:42',NULL),(175,12,15,123,'Unit Add Addpicture','2010-08-20 17:05:42',NULL),(176,13,16,1,'User Join Index','2010-08-20 17:05:42',NULL),(177,13,1,1,'User Create Index','2010-08-20 17:05:42',NULL),(178,13,2,1,'User Index Index','2010-08-20 17:05:42',NULL),(179,13,9,34,'User Error Error','2010-08-20 17:05:42',NULL),(180,13,9,43,'User Error Noaccess','2010-08-20 17:05:42',NULL),(181,13,5,1,'User Update Index','2010-08-20 17:05:42',NULL),(182,13,5,124,'User Update Changepwd','2010-08-20 17:05:42',NULL),(183,13,5,125,'User Update Changerole','2010-08-20 17:05:42',NULL),(184,13,6,1,'User View Index','2010-08-20 17:05:42',NULL),(185,13,17,1,'User Login Index','2010-08-20 17:05:42',NULL),(186,13,17,126,'User Login Logout','2010-08-20 17:05:42',NULL),(187,13,17,34,'User Login Error','2010-08-20 17:05:42',NULL),(188,1,7,22,'Applicant Dashboard Payment','2010-08-22 20:08:34',NULL),(189,1,7,127,'Applicant Dashboard Paymentconfirmation','2010-08-22 20:08:34',NULL),(190,12,5,128,'Unit Update Updaterentprorationsettings','2010-08-22 20:08:34',NULL),(191,10,5,129,'Role Update Updatepermission','2010-08-28 14:02:44',NULL),(192,10,6,130,'Role View Viewmodules','2010-08-28 14:02:44',NULL),(193,10,6,131,'Role View Viewcontrollers','2010-08-28 14:02:44',NULL),(194,10,6,132,'Role View Viewactions','2010-08-28 14:02:44',NULL),(195,1,2,1,'Applicant Index Index','2010-08-28 14:02:54',NULL),(196,1,18,1,'Applicant Waitlist Index','2010-08-29 19:07:06',NULL),(197,1,18,133,'Applicant Waitlist Apply','2010-08-29 19:07:06',NULL),(198,1,7,134,'Applicant Dashboard Waitlist','2010-09-01 10:10:16',NULL);
/*!40000 ALTER TABLE `permission` ENABLE KEYS */;
UNLOCK TABLES;

--
-- Table structure for table `rolePermission`
--

DROP TABLE IF EXISTS `rolePermission`;
/*!40101 SET @saved_cs_client     = @@character_set_client */;
/*!40101 SET character_set_client = utf8 */;
CREATE TABLE `rolePermission` (
  `id` int(11) NOT NULL AUTO_INCREMENT,
  `roleId` int(11) NOT NULL,
  `permissionId` int(11) NOT NULL,
  `dateCreated` datetime NOT NULL,
  `dateUpdated` datetime DEFAULT NULL,
  PRIMARY KEY (`id`),
  UNIQUE KEY `tuple` (`roleId`,`permissionId`),
  KEY `roleId` (`roleId`),
  KEY `permissionId` (`permissionId`)
) ENGINE=InnoDB AUTO_INCREMENT=499 DEFAULT CHARSET=utf8 COMMENT='Relation between roles and permissions';
/*!40101 SET character_set_client = @saved_cs_client */;

--
-- Dumping data for table `rolePermission`
--

LOCK TABLES `rolePermission` WRITE;
/*!40000 ALTER TABLE `rolePermission` DISABLE KEYS */;
INSERT INTO `rolePermission` VALUES (3,4,42,'2010-08-20 18:50:49','2010-08-20 18:50:51'),(4,4,43,'2010-08-20 18:51:05','2010-08-20 18:51:07'),(5,4,185,'2010-08-20 18:52:19','2010-08-20 18:52:21'),(8,1,1,'2010-08-20 20:14:20',NULL),(11,1,4,'2010-08-20 20:14:20',NULL),(12,1,5,'2010-08-20 20:14:20',NULL),(13,1,6,'2010-08-20 20:14:20',NULL),(49,1,42,'2010-08-20 20:14:20',NULL),(50,1,43,'2010-08-20 20:14:20',NULL),(81,1,74,'2010-08-20 20:14:20',NULL),(82,1,75,'2010-08-20 20:14:20',NULL),(83,1,76,'2010-08-20 20:14:20',NULL),(84,1,77,'2010-08-20 20:14:20',NULL),(85,1,78,'2010-08-20 20:14:20',NULL),(86,1,79,'2010-08-20 20:14:20',NULL),(87,1,80,'2010-08-20 20:14:20',NULL),(88,1,81,'2010-08-20 20:14:20',NULL),(89,1,82,'2010-08-20 20:14:20',NULL),(90,1,83,'2010-08-20 20:14:20',NULL),(91,1,84,'2010-08-20 20:14:20',NULL),(92,1,85,'2010-08-20 20:14:20',NULL),(93,1,86,'2010-08-20 20:14:20',NULL),(94,1,87,'2010-08-20 20:14:20',NULL),(95,1,88,'2010-08-20 20:14:20',NULL),(96,1,89,'2010-08-20 20:14:20',NULL),(97,1,90,'2010-08-20 20:14:20',NULL),(98,1,91,'2010-08-20 20:14:20',NULL),(99,1,92,'2010-08-20 20:14:20',NULL),(100,1,93,'2010-08-20 20:14:20',NULL),(101,1,94,'2010-08-20 20:14:20',NULL),(102,1,95,'2010-08-20 20:14:20',NULL),(103,1,96,'2010-08-20 20:14:20',NULL),(104,1,97,'2010-08-20 20:14:20',NULL),(105,1,98,'2010-08-20 20:14:20',NULL),(106,1,99,'2010-08-20 20:14:20',NULL),(107,1,100,'2010-08-20 20:14:20',NULL),(108,1,101,'2010-08-20 20:14:20',NULL),(109,1,102,'2010-08-20 20:14:20',NULL),(110,1,103,'2010-08-20 20:14:20',NULL),(111,1,104,'2010-08-20 20:14:20',NULL),(112,1,105,'2010-08-20 20:14:20',NULL),(113,1,106,'2010-08-20 20:14:20',NULL),(114,1,107,'2010-08-20 20:14:20',NULL),(115,1,108,'2010-08-20 20:14:20',NULL),(116,1,109,'2010-08-20 20:14:20',NULL),(117,1,110,'2010-08-20 20:14:20',NULL),(118,1,111,'2010-08-20 20:14:20',NULL),(119,1,112,'2010-08-20 20:14:21',NULL),(120,1,113,'2010-08-20 20:14:21',NULL),(121,1,114,'2010-08-20 20:14:21',NULL),(122,1,115,'2010-08-20 20:14:21',NULL),(123,1,116,'2010-08-20 20:14:21',NULL),(124,1,117,'2010-08-20 20:14:21',NULL),(126,1,119,'2010-08-20 20:14:21',NULL),(127,1,120,'2010-08-20 20:14:21',NULL),(128,1,121,'2010-08-20 20:14:21',NULL),(129,1,122,'2010-08-20 20:14:21',NULL),(130,1,123,'2010-08-20 20:14:21',NULL),(131,1,124,'2010-08-20 20:14:21',NULL),(132,1,125,'2010-08-20 20:14:21',NULL),(133,1,126,'2010-08-20 20:14:21',NULL),(134,1,127,'2010-08-20 20:14:21',NULL),(135,1,128,'2010-08-20 20:14:21',NULL),(136,1,129,'2010-08-20 20:14:21',NULL),(137,1,130,'2010-08-20 20:14:21',NULL),(138,1,131,'2010-08-20 20:14:21',NULL),(139,1,132,'2010-08-20 20:14:21',NULL),(141,1,134,'2010-08-20 20:14:21',NULL),(142,1,135,'2010-08-20 20:14:21',NULL),(144,1,137,'2010-08-20 20:14:21',NULL),(145,1,138,'2010-08-20 20:14:21',NULL),(146,1,139,'2010-08-20 20:14:21',NULL),(147,1,140,'2010-08-20 20:14:21',NULL),(148,1,141,'2010-08-20 20:14:21',NULL),(149,1,142,'2010-08-20 20:14:21',NULL),(150,1,143,'2010-08-20 20:14:21',NULL),(151,1,144,'2010-08-20 20:14:21',NULL),(152,1,145,'2010-08-20 20:14:21',NULL),(153,1,146,'2010-08-20 20:14:21',NULL),(154,1,147,'2010-08-20 20:14:21',NULL),(155,1,148,'2010-08-20 20:14:21',NULL),(156,1,149,'2010-08-20 20:14:21',NULL),(158,1,151,'2010-08-20 20:14:21',NULL),(159,1,152,'2010-08-20 20:14:21',NULL),(160,1,153,'2010-08-20 20:14:21',NULL),(161,1,154,'2010-08-20 20:14:21',NULL),(162,1,155,'2010-08-20 20:14:21',NULL),(163,1,156,'2010-08-20 20:14:21',NULL),(164,1,157,'2010-08-20 20:14:21',NULL),(165,1,158,'2010-08-20 20:14:21',NULL),(166,1,159,'2010-08-20 20:14:21',NULL),(167,1,160,'2010-08-20 20:14:21',NULL),(168,1,161,'2010-08-20 20:14:21',NULL),(169,1,162,'2010-08-20 20:14:21',NULL),(170,1,163,'2010-08-20 20:14:21',NULL),(171,1,164,'2010-08-20 20:14:21',NULL),(172,1,165,'2010-08-20 20:14:21',NULL),(173,1,166,'2010-08-20 20:14:21',NULL),(174,1,167,'2010-08-20 20:14:21',NULL),(175,1,168,'2010-08-20 20:14:21',NULL),(176,1,169,'2010-08-20 20:14:21',NULL),(177,1,170,'2010-08-20 20:14:21',NULL),(178,1,171,'2010-08-20 20:14:21',NULL),(181,1,174,'2010-08-20 20:14:21',NULL),(182,1,175,'2010-08-20 20:14:21',NULL),(184,1,177,'2010-08-20 20:14:21',NULL),(188,1,181,'2010-08-20 20:14:21',NULL),(189,1,182,'2010-08-20 20:14:21',NULL),(190,1,183,'2010-08-20 20:14:21',NULL),(191,1,184,'2010-08-20 20:14:21',NULL),(192,1,185,'2010-08-20 20:14:21',NULL),(194,1,187,'2010-08-20 20:14:21',NULL),(195,1,2,'2010-08-20 20:19:07',NULL),(196,7,2,'2010-08-20 20:19:07',NULL),(197,1,3,'2010-08-20 20:19:25',NULL),(198,7,3,'2010-08-20 20:19:25',NULL),(209,1,9,'2010-08-20 20:20:30',NULL),(210,5,9,'2010-08-20 20:20:30',NULL),(211,6,9,'2010-08-20 20:20:30',NULL),(212,7,9,'2010-08-20 20:20:30',NULL),(213,8,9,'2010-08-20 20:20:30',NULL),(226,1,14,'2010-08-20 20:25:33',NULL),(227,8,14,'2010-08-20 20:25:33',NULL),(228,1,15,'2010-08-20 20:27:10',NULL),(229,8,15,'2010-08-20 20:27:10',NULL),(230,1,16,'2010-08-20 20:27:51',NULL),(231,8,16,'2010-08-20 20:27:51',NULL),(232,1,17,'2010-08-20 20:28:10',NULL),(233,8,17,'2010-08-20 20:28:10',NULL),(235,1,18,'2010-08-20 20:28:39',NULL),(236,8,18,'2010-08-20 20:28:39',NULL),(237,1,19,'2010-08-20 20:28:53',NULL),(238,8,19,'2010-08-20 20:28:53',NULL),(239,1,20,'2010-08-20 20:29:13',NULL),(240,8,20,'2010-08-20 20:29:13',NULL),(241,1,21,'2010-08-20 20:29:52',NULL),(242,8,21,'2010-08-20 20:29:52',NULL),(243,1,22,'2010-08-20 20:30:03',NULL),(244,8,22,'2010-08-20 20:30:03',NULL),(245,1,23,'2010-08-20 20:30:14',NULL),(246,8,23,'2010-08-20 20:30:14',NULL),(247,1,24,'2010-08-20 20:30:31',NULL),(248,8,24,'2010-08-20 20:30:31',NULL),(249,1,25,'2010-08-20 20:30:42',NULL),(250,8,25,'2010-08-20 20:30:42',NULL),(251,1,26,'2010-08-20 20:30:53',NULL),(252,8,26,'2010-08-20 20:30:53',NULL),(256,1,28,'2010-08-20 20:33:06',NULL),(257,8,28,'2010-08-20 20:33:06',NULL),(258,1,29,'2010-08-20 20:33:22',NULL),(259,8,29,'2010-08-20 20:33:22',NULL),(260,1,30,'2010-08-20 20:33:36',NULL),(261,2,30,'2010-08-20 20:33:36',NULL),(262,1,31,'2010-08-20 20:33:55',NULL),(263,2,31,'2010-08-20 20:33:55',NULL),(264,1,32,'2010-08-20 20:34:09',NULL),(265,2,32,'2010-08-20 20:34:09',NULL),(266,1,33,'2010-08-20 20:34:21',NULL),(267,2,33,'2010-08-20 20:34:21',NULL),(268,1,34,'2010-08-20 20:34:37',NULL),(269,2,34,'2010-08-20 20:34:37',NULL),(270,1,35,'2010-08-20 20:34:49',NULL),(271,2,35,'2010-08-20 20:34:49',NULL),(272,1,36,'2010-08-20 20:35:05',NULL),(273,2,36,'2010-08-20 20:35:05',NULL),(274,1,37,'2010-08-20 20:35:18',NULL),(275,2,37,'2010-08-20 20:35:18',NULL),(276,1,38,'2010-08-20 20:35:33',NULL),(277,2,38,'2010-08-20 20:35:33',NULL),(278,1,39,'2010-08-20 20:35:47',NULL),(279,2,39,'2010-08-20 20:35:47',NULL),(280,1,40,'2010-08-20 20:36:06',NULL),(281,2,40,'2010-08-20 20:36:06',NULL),(282,1,44,'2010-08-20 20:36:45',NULL),(283,7,44,'2010-08-20 20:36:45',NULL),(284,1,45,'2010-08-20 20:37:05',NULL),(285,7,45,'2010-08-20 20:37:05',NULL),(286,1,46,'2010-08-20 20:37:24',NULL),(287,7,46,'2010-08-20 20:37:24',NULL),(288,1,47,'2010-08-20 20:37:37',NULL),(289,7,47,'2010-08-20 20:37:37',NULL),(290,1,48,'2010-08-20 20:37:52',NULL),(291,7,48,'2010-08-20 20:37:52',NULL),(292,1,49,'2010-08-20 20:38:05',NULL),(293,7,49,'2010-08-20 20:38:05',NULL),(294,1,50,'2010-08-20 20:38:17',NULL),(295,7,50,'2010-08-20 20:38:17',NULL),(296,1,51,'2010-08-20 20:38:35',NULL),(297,7,51,'2010-08-20 20:38:35',NULL),(298,1,52,'2010-08-20 20:38:47',NULL),(299,7,52,'2010-08-20 20:38:47',NULL),(302,1,53,'2010-08-20 20:39:35',NULL),(303,2,53,'2010-08-20 20:39:35',NULL),(304,4,53,'2010-08-20 20:39:35',NULL),(305,5,53,'2010-08-20 20:39:35',NULL),(306,6,53,'2010-08-20 20:39:35',NULL),(307,7,53,'2010-08-20 20:39:35',NULL),(308,8,53,'2010-08-20 20:39:35',NULL),(317,1,55,'2010-08-20 20:40:02',NULL),(318,7,55,'2010-08-20 20:40:02',NULL),(319,1,56,'2010-08-20 20:40:16',NULL),(320,7,56,'2010-08-20 20:40:16',NULL),(321,1,57,'2010-08-20 20:40:28',NULL),(322,7,57,'2010-08-20 20:40:28',NULL),(323,1,58,'2010-08-20 20:40:41',NULL),(324,7,58,'2010-08-20 20:40:41',NULL),(325,1,59,'2010-08-20 20:40:56',NULL),(326,7,59,'2010-08-20 20:40:56',NULL),(327,1,60,'2010-08-20 20:41:10',NULL),(328,7,60,'2010-08-20 20:41:10',NULL),(329,1,61,'2010-08-20 20:41:32',NULL),(330,7,61,'2010-08-20 20:41:32',NULL),(331,1,62,'2010-08-20 20:41:44',NULL),(332,7,62,'2010-08-20 20:41:44',NULL),(333,1,63,'2010-08-20 20:41:57',NULL),(334,7,63,'2010-08-20 20:41:57',NULL),(335,1,64,'2010-08-20 20:42:14',NULL),(336,7,64,'2010-08-20 20:42:14',NULL),(337,1,65,'2010-08-20 20:43:17',NULL),(338,7,65,'2010-08-20 20:43:17',NULL),(339,1,66,'2010-08-20 20:43:37',NULL),(340,7,66,'2010-08-20 20:43:37',NULL),(341,1,67,'2010-08-20 20:43:52',NULL),(342,7,67,'2010-08-20 20:43:52',NULL),(343,1,68,'2010-08-20 20:44:06',NULL),(344,7,68,'2010-08-20 20:44:06',NULL),(345,1,69,'2010-08-20 20:44:19',NULL),(346,7,69,'2010-08-20 20:44:19',NULL),(347,1,70,'2010-08-20 20:44:32',NULL),(348,7,70,'2010-08-20 20:44:32',NULL),(349,1,71,'2010-08-20 20:44:51',NULL),(350,7,71,'2010-08-20 20:44:51',NULL),(351,1,72,'2010-08-20 20:45:04',NULL),(352,7,72,'2010-08-20 20:45:04',NULL),(353,1,73,'2010-08-20 20:45:16',NULL),(354,7,73,'2010-08-20 20:45:16',NULL),(355,1,8,'2010-08-21 12:44:18',NULL),(356,2,8,'2010-08-21 12:44:18',NULL),(357,5,8,'2010-08-21 12:44:18',NULL),(358,6,8,'2010-08-21 12:44:18',NULL),(359,7,8,'2010-08-21 12:44:18',NULL),(360,8,8,'2010-08-21 12:44:18',NULL),(361,1,7,'2010-08-21 12:44:31',NULL),(362,2,7,'2010-08-21 12:44:31',NULL),(363,5,7,'2010-08-21 12:44:31',NULL),(364,6,7,'2010-08-21 12:44:31',NULL),(365,7,7,'2010-08-21 12:44:31',NULL),(366,8,7,'2010-08-21 12:44:31',NULL),(367,1,54,'2010-08-21 12:56:54',NULL),(375,1,188,'2010-08-22 20:46:57',NULL),(376,2,188,'2010-08-22 20:46:57',NULL),(377,8,188,'2010-08-22 20:46:57',NULL),(381,1,150,'2010-08-23 19:50:11',NULL),(382,2,150,'2010-08-23 19:50:11',NULL),(383,3,150,'2010-08-23 19:50:11',NULL),(384,4,150,'2010-08-23 19:50:11',NULL),(385,5,150,'2010-08-23 19:50:11',NULL),(386,6,150,'2010-08-23 19:50:11',NULL),(387,7,150,'2010-08-23 19:50:11',NULL),(388,8,150,'2010-08-23 19:50:11',NULL),(389,1,10,'2010-08-23 19:59:50',NULL),(390,3,10,'2010-08-23 19:59:50',NULL),(391,4,10,'2010-08-23 19:59:50',NULL),(392,8,10,'2010-08-23 19:59:50',NULL),(401,1,13,'2010-08-23 20:00:34',NULL),(402,3,13,'2010-08-23 20:00:34',NULL),(403,4,13,'2010-08-23 20:00:34',NULL),(404,8,13,'2010-08-23 20:00:34',NULL),(405,1,133,'2010-08-23 20:01:35',NULL),(406,2,133,'2010-08-23 20:01:35',NULL),(407,3,133,'2010-08-23 20:01:35',NULL),(408,4,133,'2010-08-23 20:01:35',NULL),(409,5,133,'2010-08-23 20:01:35',NULL),(410,6,133,'2010-08-23 20:01:35',NULL),(411,7,133,'2010-08-23 20:01:35',NULL),(412,8,133,'2010-08-23 20:01:35',NULL),(413,1,172,'2010-08-23 20:10:58',NULL),(414,2,172,'2010-08-23 20:10:58',NULL),(415,3,172,'2010-08-23 20:10:58',NULL),(416,4,172,'2010-08-23 20:10:58',NULL),(417,5,172,'2010-08-23 20:10:58',NULL),(418,6,172,'2010-08-23 20:10:58',NULL),(419,7,172,'2010-08-23 20:10:58',NULL),(420,8,172,'2010-08-23 20:10:58',NULL),(421,1,173,'2010-08-23 20:11:10',NULL),(422,2,173,'2010-08-23 20:11:10',NULL),(423,3,173,'2010-08-23 20:11:10',NULL),(424,4,173,'2010-08-23 20:11:10',NULL),(425,5,173,'2010-08-23 20:11:10',NULL),(426,6,173,'2010-08-23 20:11:10',NULL),(427,7,173,'2010-08-23 20:11:10',NULL),(428,8,173,'2010-08-23 20:11:10',NULL),(429,1,176,'2010-08-23 20:11:33',NULL),(430,3,176,'2010-08-23 20:11:33',NULL),(431,4,176,'2010-08-23 20:11:33',NULL),(432,1,178,'2010-08-23 20:12:04',NULL),(433,2,178,'2010-08-23 20:12:04',NULL),(434,8,178,'2010-08-23 20:12:04',NULL),(435,1,179,'2010-08-23 20:12:18',NULL),(436,2,179,'2010-08-23 20:12:19',NULL),(437,3,179,'2010-08-23 20:12:19',NULL),(438,4,179,'2010-08-23 20:12:19',NULL),(439,5,179,'2010-08-23 20:12:19',NULL),(440,6,179,'2010-08-23 20:12:19',NULL),(441,7,179,'2010-08-23 20:12:19',NULL),(442,8,179,'2010-08-23 20:12:19',NULL),(443,1,180,'2010-08-23 20:12:31',NULL),(444,2,180,'2010-08-23 20:12:31',NULL),(445,3,180,'2010-08-23 20:12:31',NULL),(446,4,180,'2010-08-23 20:12:31',NULL),(447,5,180,'2010-08-23 20:12:31',NULL),(448,6,180,'2010-08-23 20:12:31',NULL),(449,7,180,'2010-08-23 20:12:31',NULL),(450,8,180,'2010-08-23 20:12:31',NULL),(451,1,136,'2010-08-23 20:13:35',NULL),(452,4,136,'2010-08-23 20:13:35',NULL),(453,1,189,'2010-08-25 22:44:58',NULL),(454,5,189,'2010-08-25 22:44:58',NULL),(455,8,189,'2010-08-25 22:44:58',NULL),(456,7,189,'2010-08-25 22:44:58',NULL),(457,4,189,'2010-08-25 22:44:58',NULL),(458,2,189,'2010-08-25 22:44:58',NULL),(459,6,189,'2010-08-25 22:44:58',NULL),(460,3,189,'2010-08-25 22:44:58',NULL),(461,1,186,'2010-08-28 13:19:07',NULL),(462,2,186,'2010-08-28 13:19:07',NULL),(463,3,186,'2010-08-28 13:19:07',NULL),(464,4,186,'2010-08-28 13:19:07',NULL),(465,5,186,'2010-08-28 13:19:07',NULL),(466,6,186,'2010-08-28 13:19:07',NULL),(467,7,186,'2010-08-28 13:19:07',NULL),(468,8,186,'2010-08-28 13:19:07',NULL),(469,1,41,'2010-08-28 13:20:49',NULL),(470,4,41,'2010-08-28 13:20:49',NULL),(471,8,41,'2010-08-28 13:20:49',NULL),(472,1,195,'2010-08-28 14:34:35',NULL),(473,5,195,'2010-08-28 14:34:35',NULL),(474,8,195,'2010-08-28 14:34:35',NULL),(475,7,195,'2010-08-28 14:34:35',NULL),(476,2,195,'2010-08-28 14:34:35',NULL),(477,6,195,'2010-08-28 14:34:35',NULL),(478,1,192,'2010-08-29 18:53:23',NULL),(479,1,196,'2010-08-29 19:06:33',NULL),(480,5,196,'2010-08-29 19:06:33',NULL),(481,8,196,'2010-08-29 19:06:33',NULL),(482,7,196,'2010-08-29 19:06:33',NULL),(483,4,196,'2010-08-29 19:06:33',NULL),(484,2,196,'2010-08-29 19:06:33',NULL),(485,6,196,'2010-08-29 19:06:33',NULL),(486,3,196,'2010-08-29 19:06:33',NULL),(487,1,197,'2010-08-29 19:06:46',NULL),(488,5,197,'2010-08-29 19:06:46',NULL),(489,8,197,'2010-08-29 19:06:46',NULL),(490,7,197,'2010-08-29 19:06:46',NULL),(491,4,197,'2010-08-29 19:06:46',NULL),(492,2,197,'2010-08-29 19:06:46',NULL),(493,6,197,'2010-08-29 19:06:46',NULL),(494,3,197,'2010-08-29 19:06:46',NULL),(496,1,198,'2010-09-01 21:15:18',NULL),(497,8,198,'2010-09-01 21:15:18',NULL),(498,2,198,'2010-09-01 21:15:18',NULL);
/*!40000 ALTER TABLE `rolePermission` ENABLE KEYS */;
UNLOCK TABLES;
/*!40103 SET TIME_ZONE=@OLD_TIME_ZONE */;

/*!40101 SET SQL_MODE=@OLD_SQL_MODE */;
/*!40014 SET FOREIGN_KEY_CHECKS=@OLD_FOREIGN_KEY_CHECKS */;
/*!40014 SET UNIQUE_CHECKS=@OLD_UNIQUE_CHECKS */;
/*!40101 SET CHARACTER_SET_CLIENT=@OLD_CHARACTER_SET_CLIENT */;
/*!40101 SET CHARACTER_SET_RESULTS=@OLD_CHARACTER_SET_RESULTS */;
/*!40101 SET COLLATION_CONNECTION=@OLD_COLLATION_CONNECTION */;
/*!40111 SET SQL_NOTES=@OLD_SQL_NOTES */;

ALTER TABLE `permission` ADD CONSTRAINT `permission_ibfk_1` FOREIGN KEY ( `moduleId` ) REFERENCES `apmgr`.`modules` (`id`) ON DELETE CASCADE ON UPDATE CASCADE ;
ALTER TABLE `rolePermission` ADD CONSTRAINT `rolePermission_ibfk_1` FOREIGN KEY ( `roleId` ) REFERENCES `apmgr`.`role` (`id`) ON DELETE CASCADE ON UPDATE CASCADE ;
ALTER TABLE `rolePermission` ADD CONSTRAINT `rolePermission_ibfk_2` FOREIGN KEY ( `permissionId` ) REFERENCES `apmgr`.`permission` (`id`) ON DELETE CASCADE ON UPDATE CASCADE ;
