-- phpMyAdmin SQL Dump
-- version 3.3.2
-- http://www.phpmyadmin.net
--
-- Host: localhost
-- Generation Time: Aug 16, 2010 at 09:45 PM
-- Server version: 5.1.47
-- PHP Version: 5.3.3

SET FOREIGN_KEY_CHECKS=0;
SET SQL_MODE="NO_AUTO_VALUE_ON_ZERO";

--
-- Database: `apmgr`
--

-- --------------------------------------------------------

DROP TABLE IF EXISTS `actions`;
CREATE TABLE IF NOT EXISTS `actions` (
  `id` int(11) NOT NULL AUTO_INCREMENT,
  `name` varchar(50) NOT NULL,
  `icon` varchar(90) DEFAULT NULL,
  `display` tinyint(4) NOT NULL DEFAULT '1',
  `dateCreated` datetime NOT NULL,
  `dateUpdated` datetime DEFAULT NULL,
  PRIMARY KEY (`id`),
  KEY `name` (`name`(2)),
  KEY `icon` (`icon`(6))
) ENGINE=InnoDB  DEFAULT CHARSET=utf8 AUTO_INCREMENT=145 ;

--
-- Dumping data for table `actions`
--

REPLACE INTO `actions` (`id`, `name`, `icon`, `display`, `dateCreated`, `dateUpdated`) VALUES
(1, 'Index', '/images/dashboard/onebit_01.gif', 1, '2010-04-20 15:03:36', NULL),
(2, 'Dailyview', NULL, 1, '2010-04-20 15:03:36', NULL),
(3, 'Weekview', NULL, 1, '2010-04-20 15:03:36', NULL),
(4, 'Viewevent', NULL, 1, '2010-04-20 15:03:36', NULL),
(5, 'Search', NULL, 1, '2010-04-20 15:03:36', NULL),
(6, 'Error', NULL, 1, '2010-04-20 15:03:36', NULL),
(7, 'Noaccess', NULL, 1, '2010-04-20 15:03:36', NULL),
(8, 'Createaccount', '/images/dashboard/onebit_48.gif', 1, '2010-04-20 15:03:36', NULL),
(9, 'Createaccountlink', NULL, 1, '2010-04-20 15:03:36', NULL),
(10, 'Searchunit', '/images/24/search_48.gif', 1, '2010-04-20 15:03:36', '2010-05-28 16:50:33'),
(11, 'Selectbill', NULL, 1, '2010-04-20 15:03:36', NULL),
(12, 'Createbill', NULL, 1, '2010-04-20 15:03:36', NULL),
(13, 'Updateaccount', NULL, 1, '2010-04-20 15:03:36', NULL),
(14, 'Updateaccountlink', NULL, 1, '2010-04-20 15:03:36', NULL),
(15, 'Viewallaccounts', '/images/dashboard/onebit_02.gif', 1, '2010-04-20 15:03:36', NULL),
(16, 'Viewaccount', '/images/dashboard/onebit_02.gif', 1, '2010-04-20 15:03:36', NULL),
(17, 'Viewallaccountlinks', '/images/dashboard/onebit_02.gif', 1, '2010-04-20 15:03:36', NULL),
(18, 'Db', NULL, 1, '2010-04-20 15:03:36', NULL),
(19, 'Text', NULL, 1, '2010-04-20 15:03:36', NULL),
(20, 'Read', NULL, 1, '2010-04-20 15:03:36', NULL),
(21, 'Createmaintenancerequest', NULL, 1, '2010-04-20 15:03:36', NULL),
(22, 'Viewallmaintenancerequests', NULL, 1, '2010-04-20 15:03:36', NULL),
(23, 'Viewmymaintenancerequests', NULL, 1, '2010-04-20 15:03:36', NULL),
(24, 'Viewmaintenancerequest', NULL, 1, '2010-04-20 15:03:36', NULL),
(25, 'Help', NULL, 1, '2010-04-20 15:03:36', NULL),
(26, 'Update', '/images/dashboard/onebit_20.gif', 1, '2010-04-20 15:03:36', NULL),
(27, 'Viewallmodules', '/images/dashboard/onebit_02.gif', 1, '2010-04-20 15:03:36', NULL),
(28, 'View', '/images/dashboard/onebit_02.gif', 1, '2010-04-20 15:03:36', NULL),
(29, 'Roleaccess', NULL, 1, '2010-04-20 15:03:36', NULL),
(32, 'Delete', '/images/dashboard/onebit_32.gif', 1, '2010-04-20 15:03:37', NULL),
(34, 'Createamenity', NULL, 1, '2010-04-20 15:03:37', NULL),
(35, 'Createapartment', NULL, 1, '2010-04-20 15:03:37', NULL),
(36, 'Createunitsingle', '/images/dashboard/onebit_48.gif', 1, '2010-04-20 15:03:37', NULL),
(37, 'Createunitbulk', '/images/dashboard/onebit_48.gif', 1, '2010-04-20 15:03:37', NULL),
(38, 'Createunitmodel', '/images/dashboard/onebit_48.gif', 1, '2010-04-20 15:03:37', NULL),
(39, 'Createmodelrentschedule', '/images/dashboard/onebit_48.gif', 1, '2010-04-20 15:03:37', NULL),
(40, 'Unitmodelindex', '/images/dashboard/onebit_01.gif', 1, '2010-04-20 15:03:37', NULL),
(41, 'Amenityindex', '/images/dashboard/onebit_01.gif', 1, '2010-04-20 15:03:37', NULL),
(42, 'Addusertolist', NULL, 1, '2010-04-20 15:03:37', NULL),
(43, 'Removeuserfromlist', NULL, 1, '2010-04-20 15:03:37', NULL),
(44, 'Confirmation', NULL, 1, '2010-04-20 15:03:37', NULL),
(45, 'Enterdiscounts', NULL, 1, '2010-04-20 15:03:37', NULL),
(46, 'Entermoveindate', NULL, 1, '2010-04-20 15:03:37', NULL),
(47, 'Searchaddtenet', NULL, 1, '2010-04-20 15:03:37', NULL),
(48, 'Selectaccountlink', NULL, 1, '2010-04-20 15:03:37', NULL),
(49, 'Selectrentschedule', NULL, 1, '2010-04-20 15:03:37', NULL),
(50, 'Startleasewizard', NULL, 1, '2010-04-20 15:03:37', NULL),
(51, 'Deleteapartment', NULL, 1, '2010-04-20 15:03:37', NULL),
(52, 'Viewunittenet', '/images/dashboard/onebit_02.gif', 1, '2010-04-20 15:03:37', NULL),
(53, 'Addtounit', NULL, 1, '2010-04-20 15:03:37', NULL),
(54, 'Cancellease', NULL, 1, '2010-04-20 15:03:37', NULL),
(55, 'Updateamenity', NULL, 1, '2010-04-20 15:03:37', NULL),
(56, 'Updateapartment', NULL, 1, '2010-04-20 15:03:37', NULL),
(57, 'Updateunit', NULL, 1, '2010-04-20 15:03:37', NULL),
(58, 'Updateunitmodel', NULL, 1, '2010-04-20 15:03:37', NULL),
(59, 'Getregions', NULL, 1, '2010-04-20 15:03:37', NULL),
(60, 'Viewunit', NULL, 1, '2010-04-20 15:03:37', NULL),
(61, 'Viewallamenities', NULL, 1, '2010-04-20 15:03:37', NULL),
(62, 'Viewallapartments', NULL, 1, '2010-04-20 15:03:37', NULL),
(63, 'Viewallunitmodels', NULL, 1, '2010-04-20 15:03:37', NULL),
(64, 'Viewallunits', NULL, 1, '2010-04-20 15:03:37', NULL),
(65, 'Viewapartment', NULL, 1, '2010-04-20 15:03:37', NULL),
(66, 'Viewallmodelrentschedule', '/images/dashboard/onebit_02.gif', 1, '2010-04-20 15:03:37', NULL),
(67, 'Viewlease', NULL, 1, '2010-04-20 15:03:37', NULL),
(68, 'Viewleaselist', NULL, 1, '2010-04-20 15:03:37', NULL),
(69, 'Viewmodelrentschedule', NULL, 1, '2010-04-20 15:03:37', NULL),
(70, 'Changepwd', NULL, 1, '2010-04-20 15:03:37', NULL),
(71, 'Changerole', NULL, 1, '2010-04-20 15:03:37', NULL),
(72, 'Logout', NULL, 1, '2010-04-20 15:03:37', NULL),
(73, 'Deleteevent', NULL, 1, '2010-04-25 15:03:18', NULL),
(74, 'Deleteguest', NULL, 1, '2010-04-25 15:03:18', NULL),
(75, 'Deleteeventtime', NULL, 1, '2010-04-25 15:03:18', NULL),
(76, 'Updateevent', NULL, 1, '2010-04-25 15:03:18', NULL),
(77, 'Createdeposit', NULL, 1, '2010-04-25 15:03:18', NULL),
(78, 'Createfee', NULL, 1, '2010-04-25 15:03:18', NULL),
(79, 'Updatedeposit', NULL, 1, '2010-04-25 15:03:18', NULL),
(80, 'Updatefee', NULL, 1, '2010-04-25 15:03:18', NULL),
(81, 'Viewaccounttransactions', NULL, 1, '2010-04-25 15:03:18', NULL),
(82, 'Viewalldeposits', NULL, 1, '2010-04-25 15:03:18', NULL),
(83, 'Viewallfees', NULL, 1, '2010-04-25 15:03:18', NULL),
(84, 'Selectfeedeposit', NULL, 1, '2010-04-25 15:03:18', NULL),
(85, 'Deleteallguests', NULL, 1, '2010-05-14 21:09:46', NULL),
(86, 'Createaccounttransaction', NULL, 1, '2010-05-14 21:09:46', NULL),
(87, 'Updatedepositaccountlink', NULL, 1, '2010-05-14 21:09:46', NULL),
(88, 'Updatefeeaccountlink', NULL, 1, '2010-05-14 21:09:46', NULL),
(89, 'Viewbill', NULL, 1, '2010-05-14 21:09:47', NULL),
(90, 'Viewpaymentdetail', NULL, 1, '2010-05-14 21:09:47', NULL),
(91, 'Viewtransaction', NULL, 1, '2010-05-14 21:09:47', NULL),
(92, 'Createleasefee', NULL, 1, '2010-05-14 21:09:47', NULL),
(93, 'Createleasedeposit', NULL, 1, '2010-05-14 21:09:47', NULL),
(94, 'Unitsforrent', NULL, 1, '2010-05-14 21:09:47', NULL),
(95, 'Viewunitgraphics', NULL, 1, '2010-05-14 21:09:47', NULL),
(96, 'Addpicture', '/images/dashboard/camera_add_48.gif', 1, '2010-05-14 21:09:13', NULL),
(97, 'Deleteunitmetadata', NULL, 1, '2010-05-24 12:12:27', NULL),
(98, 'Waitlist', '/images/24/pencil_48.gif', 1, '2010-05-29 14:02:47', '2010-05-29 14:21:50'),
(99, 'Viewunitmodel', NULL, 1, '2010-05-29 14:02:47', NULL),
(100, 'Waitlistapply', NULL, 1, '2010-05-30 14:02:24', NULL),
(101, 'Applyuser', NULL, 1, '2010-05-31 22:10:21', NULL),
(102, 'Show', NULL, 1, '2010-06-05 20:08:31', NULL),
(103, 'Process', NULL, 1, '2010-06-06 12:12:03', NULL),
(104, 'Aboutyou', NULL, 1, '2010-06-12 19:07:40', NULL),
(105, 'Currentaddress', NULL, 1, '2010-06-19 21:09:41', '2010-07-03 18:17:50'),
(106, 'Previous Address', NULL, 1, '2010-06-19 21:09:41', '2010-07-03 18:19:19'),
(107, 'Spouse', NULL, 1, '2010-06-19 21:09:41', '2010-07-03 18:20:40'),
(108, 'Rental Criminal History', NULL, 1, '2010-06-26 14:02:07', '2010-07-03 18:20:15'),
(109, 'Current Work History', NULL, 1, '2010-06-26 14:02:07', '2010-07-03 18:18:17'),
(110, 'Previous Work History', NULL, 1, '2010-06-26 14:02:07', '2010-07-03 18:19:45'),
(111, 'Credithistory', NULL, 1, '2010-06-26 14:02:07', '2010-07-03 18:17:22'),
(112, 'Occupants', NULL, 1, '2010-06-26 14:02:07', NULL),
(113, 'Vehicles', NULL, 1, '2010-06-26 14:02:07', NULL),
(114, 'Emergency Contact', NULL, 1, '2010-06-26 14:02:07', '2010-07-03 18:18:53'),
(115, 'Whyyourented', NULL, 1, '2010-06-26 14:02:07', NULL),
(116, 'Authorization', NULL, 1, '2010-06-26 14:02:07', '2010-07-03 13:49:09'),
(118, 'Rentalcriminalhistory', NULL, 1, '2010-07-11 16:04:02', NULL),
(119, 'Previousaddress', NULL, 1, '2010-07-11 16:04:02', NULL),
(120, 'Currentworkhistory', NULL, 1, '2010-07-11 16:04:02', NULL),
(121, 'Previousworkhistory', NULL, 1, '2010-07-11 16:04:02', NULL),
(122, 'Emergencycontact', NULL, 1, '2010-07-11 16:04:02', NULL),
(124, 'Createmaintenancerequestadmin', NULL, 1, '2010-07-11 16:04:02', NULL),
(125, 'Configure', NULL, 1, '2010-07-11 16:04:02', NULL),
(126, 'Populatedefaultassignedto', NULL, 1, '2010-07-11 16:04:02', NULL),
(127, 'Viewmaintenancerequestadmin', NULL, 1, '2010-07-11 16:04:02', NULL),
(128, 'Viewassignedrequests', NULL, 1, '2010-07-11 16:04:02', NULL),
(130, 'Confirmation', NULL, 1, '2010-07-11 19:07:28', NULL),
(131, 'Settings', NULL, 1, '2010-07-11 19:07:28', NULL),
(133, 'Payment', NULL, 1, '2010-07-25 01:01:05', NULL),
(134, 'Setting', NULL, 1, '2010-07-25 01:01:05', NULL),
(136, 'Fee', NULL, 1, '2010-08-02 23:11:16', NULL),
(137, 'Fees', NULL, 1, '2010-08-02 23:11:16', NULL),
(139, 'Removeinfo', NULL, 1, '2010-08-16 19:07:58', NULL),
(140, 'Updatefinancialaccountsetting', NULL, 1, '2010-08-16 19:07:58', NULL),
(141, 'Viewallfinancialaccountsettings', NULL, 1, '2010-08-16 19:07:58', NULL),
(142, 'Viewfinancialaccountsetting', NULL, 1, '2010-08-16 19:07:58', NULL),
(144, 'End', NULL, 1, '2010-08-16 22:10:57', NULL);

-- --------------------------------------------------------

--
-- Table structure for table `controllers`
--

DROP TABLE IF EXISTS `controllers`;
CREATE TABLE IF NOT EXISTS `controllers` (
  `id` int(11) NOT NULL AUTO_INCREMENT,
  `name` varchar(90) NOT NULL,
  `icon` varchar(250) DEFAULT NULL,
  `display` tinyint(4) NOT NULL DEFAULT '0',
  `dateCreated` datetime NOT NULL,
  `dateUpdated` datetime DEFAULT NULL,
  PRIMARY KEY (`id`),
  KEY `name` (`name`(5))
) ENGINE=InnoDB  DEFAULT CHARSET=utf8 COMMENT='All the controllers that we have' AUTO_INCREMENT=17 ;

--
-- Dumping data for table `controllers`
--

REPLACE INTO `controllers` (`id`, `name`, `icon`, `display`, `dateCreated`, `dateUpdated`) VALUES
(1, 'Create', '/images/dashboard/onebit_48.gif', 1, '2010-04-20 15:03:36', NULL),
(2, 'Index', '/images/dashboard/onebit_01.gif', 1, '2010-04-20 15:03:36', NULL),
(3, 'Delete', '/images/dashboard/onebit_32.gif', 0, '2010-04-20 15:03:36', '2010-05-01 13:45:06'),
(4, 'Update', '/images/dashboard/onebit_20.gif', 0, '2010-04-20 15:03:36', '2010-05-01 13:45:31'),
(5, 'View', '/images/dashboard/onebit_02.gif', 1, '2010-04-20 15:03:36', NULL),
(6, 'Error', NULL, 0, '2010-04-20 15:03:36', NULL),
(7, 'Search', '/images/24/search_48.gif', 1, '2010-04-20 15:03:36', '2010-05-28 16:45:37'),
(8, 'Leasewizard', NULL, 0, '2010-04-20 15:03:37', NULL),
(9, 'Tenet', NULL, 0, '2010-04-20 15:03:37', NULL),
(10, 'Join', NULL, 0, '2010-04-20 15:03:37', NULL),
(11, 'Login', NULL, 0, '2010-04-20 15:03:37', NULL),
(12, 'Add', NULL, 0, '2010-05-14 21:09:47', NULL),
(13, 'Backend', NULL, 0, '2010-05-22 12:12:17', NULL),
(14, 'Apply', NULL, 0, '2010-05-22 12:12:17', NULL),
(15, 'Bulk', NULL, 0, '2010-06-05 20:08:31', NULL),
(16, 'Setting', NULL, 0, '2010-07-11 16:04:02', NULL);

-- --------------------------------------------------------

--
-- Table structure for table `modules`
--

DROP TABLE IF EXISTS `modules`;
CREATE TABLE IF NOT EXISTS `modules` (
  `id` int(11) NOT NULL AUTO_INCREMENT,
  `name` varchar(50) NOT NULL,
  `icon` varchar(250) DEFAULT NULL,
  `display` tinyint(4) NOT NULL DEFAULT '0',
  `dateCreated` datetime NOT NULL,
  `dateUpdated` datetime DEFAULT NULL,
  PRIMARY KEY (`id`),
  KEY `name` (`name`(5))
) ENGINE=InnoDB  DEFAULT CHARSET=utf8 COMMENT='The content of the modules folder, ie all the modules' AUTO_INCREMENT=14 ;

--
-- Dumping data for table `modules`
--

REPLACE INTO `modules` (`id`, `name`, `icon`, `display`, `dateCreated`, `dateUpdated`) VALUES
(1, 'calendar', '/images/dashboard/calendar.png', 1, '2010-04-20 15:03:36', NULL),
(2, 'default', '/images/dashboard/ok.gif', 1, '2010-04-20 15:03:36', NULL),
(3, 'financial', '/images/dashboard/dollar.gif', 1, '2010-04-20 15:03:36', NULL),
(4, 'logs', NULL, 0, '2010-04-20 15:03:36', NULL),
(5, 'maintenance', '/images/dashboard/spanner_48.gif', 1, '2010-04-20 15:03:36', NULL),
(6, 'messages', '/images/dashboard/messages.gif', 1, '2010-04-20 15:03:36', NULL),
(7, 'modules', NULL, 0, '2010-04-20 15:03:36', NULL),
(8, 'permission', '/images/dashboard/onebit_04.gif', 1, '2010-04-20 15:03:36', NULL),
(9, 'role', '/images/dashboard/role.gif', 1, '2010-04-20 15:03:36', NULL),
(10, 'unit', '/images/dashboard/apartment.gif', 1, '2010-04-20 15:03:36', NULL),
(11, 'user', '/images/dashboard/user_48.gif', 1, '2010-04-20 15:03:36', NULL),
(12, 'applicant', NULL, 0, '2010-05-20 22:10:40', NULL),
(13, 'settings', NULL, 0, '2010-06-26 14:02:07', NULL);

-- --------------------------------------------------------

--
-- Table structure for table `permission`
--

DROP TABLE IF EXISTS `permission`;
CREATE TABLE IF NOT EXISTS `permission` (
  `id` int(11) NOT NULL AUTO_INCREMENT,
  `moduleId` int(11) NOT NULL,
  `controllerId` int(11) NOT NULL,
  `actionId` int(11) NOT NULL,
  `alias` varchar(50) NOT NULL,
  `dateCreated` datetime NOT NULL,
  `dateUpdated` datetime DEFAULT NULL,
  PRIMARY KEY (`id`),
  KEY `moduleId` (`moduleId`),
  KEY `actionId` (`actionId`)
) ENGINE=InnoDB  DEFAULT CHARSET=utf8 AUTO_INCREMENT=215 ;

--
-- Dumping data for table `permission`
--

REPLACE INTO `permission` (`id`, `moduleId`, `controllerId`, `actionId`, `alias`, `dateCreated`, `dateUpdated`) VALUES
(1, 1, 1, 1, 'Calendar Create Index', '2010-04-20 15:03:36', NULL),
(2, 1, 2, 1, 'Calendar Index Index', '2010-04-20 15:03:36', NULL),
(3, 1, 5, 1, 'Calendar View Index', '2010-04-20 15:03:36', NULL),
(4, 1, 5, 2, 'Calendar View Dailyview', '2010-04-20 15:03:36', NULL),
(5, 1, 5, 3, 'Calendar View Weekview', '2010-04-20 15:03:36', NULL),
(6, 1, 5, 4, 'Calendar View Viewevent', '2010-04-20 15:03:36', NULL),
(7, 2, 2, 1, 'Default Index Index', '2010-04-20 15:03:36', NULL),
(8, 2, 2, 5, 'Default Index Search', '2010-04-20 15:03:36', NULL),
(9, 2, 6, 6, 'Default Error Error', '2010-04-20 15:03:36', NULL),
(10, 2, 6, 7, 'Default Error Noaccess', '2010-04-20 15:03:36', NULL),
(11, 3, 1, 8, 'Financial Create Createaccount', '2010-04-20 15:03:36', NULL),
(12, 3, 1, 9, 'Financial Create Createaccountlink', '2010-04-20 15:03:36', NULL),
(13, 3, 1, 10, 'Financial Create Searchunit', '2010-04-20 15:03:36', NULL),
(14, 3, 1, 11, 'Financial Create Selectbill', '2010-04-20 15:03:36', NULL),
(15, 3, 1, 12, 'Financial Create Createbill', '2010-04-20 15:03:36', NULL),
(16, 3, 2, 1, 'Financial Index Index', '2010-04-20 15:03:36', NULL),
(17, 3, 4, 13, 'Financial Update Updateaccount', '2010-04-20 15:03:36', NULL),
(18, 3, 4, 14, 'Financial Update Updateaccountlink', '2010-04-20 15:03:36', NULL),
(19, 3, 5, 15, 'Financial View Viewallaccounts', '2010-04-20 15:03:36', NULL),
(20, 3, 5, 16, 'Financial View Viewaccount', '2010-04-20 15:03:36', NULL),
(21, 3, 5, 17, 'Financial View View All Account Links', '2010-04-20 15:03:36', '2010-05-02 15:11:15'),
(22, 4, 2, 1, 'Logs Index Index', '2010-04-20 15:03:36', NULL),
(23, 4, 2, 18, 'Logs Index Db', '2010-04-20 15:03:36', NULL),
(24, 4, 2, 19, 'Logs Index Text', '2010-04-20 15:03:36', NULL),
(25, 4, 2, 20, 'Logs Index Read', '2010-04-20 15:03:36', NULL),
(26, 4, 6, 6, 'Logs Error Error', '2010-04-20 15:03:36', NULL),
(27, 5, 1, 21, 'Maintenance Create Createmaintenancerequest', '2010-04-20 15:03:36', NULL),
(28, 5, 5, 22, 'Maintenance View Viewallmaintenancerequests', '2010-04-20 15:03:36', NULL),
(29, 5, 5, 23, 'Maintenance View Viewmymaintenancerequests', '2010-04-20 15:03:36', NULL),
(30, 5, 5, 24, 'Maintenance View Viewmaintenancerequest', '2010-04-20 15:03:36', NULL),
(31, 6, 1, 1, 'Messages Create Index', '2010-04-20 15:03:36', NULL),
(32, 6, 2, 1, 'Messages Index Index', '2010-04-20 15:03:36', NULL),
(33, 6, 3, 25, 'Messages Delete Help', '2010-04-20 15:03:36', NULL),
(34, 6, 3, 1, 'Messages Delete Index', '2010-04-20 15:03:36', NULL),
(35, 6, 4, 1, 'Messages Update Index', '2010-04-20 15:03:36', NULL),
(36, 6, 5, 1, 'Messages View Index', '2010-04-20 15:03:36', NULL),
(37, 7, 2, 1, 'Modules Index Index', '2010-04-20 15:03:36', NULL),
(38, 7, 6, 6, 'Modules Error Error', '2010-04-20 15:03:36', NULL),
(39, 7, 4, 1, 'Modules Update Index', '2010-04-20 15:03:36', NULL),
(40, 7, 4, 26, 'Modules Update Update', '2010-04-20 15:03:36', NULL),
(41, 7, 5, 1, 'Modules View Index', '2010-04-20 15:03:36', NULL),
(42, 7, 5, 27, 'Modules View Viewallmodules', '2010-04-20 15:03:36', NULL),
(43, 8, 2, 1, 'Permission Index Index', '2010-04-20 15:03:36', NULL),
(44, 8, 6, 6, 'Permission Error Error', '2010-04-20 15:03:36', NULL),
(45, 8, 7, 1, 'Permission Search Index', '2010-04-20 15:03:36', NULL),
(46, 8, 4, 1, 'Permission Update Index', '2010-04-20 15:03:36', NULL),
(47, 8, 5, 1, 'Permission View Index', '2010-04-20 15:03:36', NULL),
(48, 8, 5, 28, 'Permission View View', '2010-04-20 15:03:36', NULL),
(49, 9, 1, 1, 'Role Create Index', '2010-04-20 15:03:36', NULL),
(50, 9, 1, 29, 'Role Create Roleaccess', '2010-04-20 15:03:36', NULL),
(53, 9, 2, 1, 'Role Index Index', '2010-04-20 15:03:37', NULL),
(54, 9, 6, 6, 'Role Error Error', '2010-04-20 15:03:37', NULL),
(55, 9, 6, 7, 'Role Error Noaccess', '2010-04-20 15:03:37', NULL),
(56, 9, 3, 1, 'Role Delete Index', '2010-04-20 15:03:37', NULL),
(57, 9, 3, 32, 'Role Delete Delete', '2010-04-20 15:03:37', NULL),
(59, 9, 7, 1, 'Role Search Index', '2010-04-20 15:03:37', NULL),
(60, 9, 4, 1, 'Role Update Index', '2010-04-20 15:03:37', NULL),
(61, 9, 4, 26, 'Role Update Update', '2010-04-20 15:03:37', NULL),
(62, 9, 5, 1, 'Role View Index', '2010-04-20 15:03:37', NULL),
(63, 9, 5, 28, 'Role View View', '2010-04-20 15:03:37', NULL),
(64, 9, 5, 29, 'Role View Roleaccess', '2010-04-20 15:03:37', NULL),
(65, 10, 1, 1, 'Unit Create Index', '2010-04-20 15:03:37', NULL),
(66, 10, 1, 34, 'Unit Create Createamenity', '2010-04-20 15:03:37', NULL),
(67, 10, 1, 35, 'Unit Create Createapartment', '2010-04-20 15:03:37', NULL),
(68, 10, 1, 36, 'Unit Create Createunitsingle', '2010-04-20 15:03:37', NULL),
(69, 10, 1, 37, 'Unit Create Createunitbulk', '2010-04-20 15:03:37', NULL),
(70, 10, 1, 38, 'Unit Create Createunitmodel', '2010-04-20 15:03:37', NULL),
(71, 10, 1, 39, 'Unit Create Createmodelrentschedule', '2010-04-20 15:03:37', NULL),
(72, 10, 2, 1, 'Unit Index Index', '2010-04-20 15:03:37', NULL),
(73, 10, 2, 40, 'Unit Index Unitmodelindex', '2010-04-20 15:03:37', NULL),
(74, 10, 2, 41, 'Unit Index Amenityindex', '2010-04-20 15:03:37', NULL),
(75, 10, 6, 6, 'Unit Error Error', '2010-04-20 15:03:37', NULL),
(76, 10, 8, 42, 'Unit Leasewizard Addusertolist', '2010-04-20 15:03:37', NULL),
(77, 10, 8, 43, 'Unit Leasewizard Removeuserfromlist', '2010-04-20 15:03:37', NULL),
(78, 10, 8, 44, 'Unit Leasewizard Confirmation', '2010-04-20 15:03:37', NULL),
(79, 10, 8, 45, 'Unit Leasewizard Enterdiscounts', '2010-04-20 15:03:37', NULL),
(80, 10, 8, 46, 'Unit Leasewizard Entermoveindate', '2010-04-20 15:03:37', NULL),
(81, 10, 8, 47, 'Unit Leasewizard Searchaddtenet', '2010-04-20 15:03:37', NULL),
(82, 10, 8, 48, 'Unit Leasewizard Selectaccountlink', '2010-04-20 15:03:37', NULL),
(83, 10, 8, 49, 'Unit Leasewizard Selectrentschedule', '2010-04-20 15:03:37', NULL),
(84, 10, 8, 50, 'Unit Leasewizard Startleasewizard', '2010-04-20 15:03:37', NULL),
(85, 10, 3, 1, 'Unit Delete Index', '2010-04-20 15:03:37', NULL),
(86, 10, 3, 32, 'Unit Delete Delete', '2010-04-20 15:03:37', NULL),
(87, 10, 3, 51, 'Unit Delete Deleteapartment', '2010-04-20 15:03:37', NULL),
(88, 10, 9, 52, 'Unit Tenet Viewunittenet', '2010-04-20 15:03:37', NULL),
(89, 10, 9, 47, 'Unit Tenet Searchaddtenet', '2010-04-20 15:03:37', NULL),
(90, 10, 9, 53, 'Unit Tenet Addtounit', '2010-04-20 15:03:37', NULL),
(91, 10, 4, 1, 'Unit Update Index', '2010-04-20 15:03:37', NULL),
(92, 10, 4, 54, 'Unit Update Cancellease', '2010-04-20 15:03:37', NULL),
(93, 10, 4, 55, 'Unit Update Updateamenity', '2010-04-20 15:03:37', NULL),
(94, 10, 4, 56, 'Unit Update Updateapartment', '2010-04-20 15:03:37', NULL),
(95, 10, 4, 57, 'Unit Update Updateunit', '2010-04-20 15:03:37', NULL),
(96, 10, 4, 58, 'Unit Update Updateunitmodel', '2010-04-20 15:03:37', NULL),
(97, 10, 4, 59, 'Unit Update Getregions', '2010-04-20 15:03:37', NULL),
(98, 10, 5, 60, 'Unit View Viewunit', '2010-04-20 15:03:37', NULL),
(99, 10, 5, 61, 'Unit View Viewallamenities', '2010-04-20 15:03:37', NULL),
(100, 10, 5, 62, 'Unit View Viewallapartments', '2010-04-20 15:03:37', NULL),
(101, 10, 5, 63, 'Unit View Viewallunitmodels', '2010-04-20 15:03:37', NULL),
(102, 10, 5, 64, 'Unit View Viewallunits', '2010-04-20 15:03:37', NULL),
(103, 10, 5, 65, 'Unit View Viewapartment', '2010-04-20 15:03:37', NULL),
(104, 10, 5, 66, 'Unit View Viewallmodelrentschedule', '2010-04-20 15:03:37', NULL),
(105, 10, 5, 67, 'Unit View Viewlease', '2010-04-20 15:03:37', NULL),
(106, 10, 5, 68, 'Unit View Viewleaselist', '2010-04-20 15:03:37', NULL),
(107, 10, 5, 69, 'Unit View Viewmodelrentschedule', '2010-04-20 15:03:37', NULL),
(108, 11, 10, 1, 'User Join Index', '2010-04-20 15:03:37', NULL),
(109, 11, 1, 1, 'User Create Index', '2010-04-20 15:03:37', NULL),
(110, 11, 2, 1, 'User Index Index', '2010-04-20 15:03:37', NULL),
(111, 11, 6, 6, 'User Error Error', '2010-04-20 15:03:37', NULL),
(112, 11, 6, 7, 'User Error Noaccess', '2010-04-20 15:03:37', NULL),
(113, 11, 4, 1, 'User Update Index', '2010-04-20 15:03:37', NULL),
(114, 11, 4, 70, 'User Update Changepwd', '2010-04-20 15:03:37', NULL),
(115, 11, 4, 71, 'User Update Changerole', '2010-04-20 15:03:37', NULL),
(116, 11, 5, 1, 'User View Index', '2010-04-20 15:03:37', NULL),
(117, 11, 11, 1, 'User Login Index', '2010-04-20 15:03:37', NULL),
(118, 11, 11, 72, 'User Login Logout', '2010-04-20 15:03:37', NULL),
(119, 11, 11, 6, 'User Login Error', '2010-04-20 15:03:37', NULL),
(120, 1, 3, 73, 'Calendar Delete Deleteevent', '2010-04-25 15:03:18', NULL),
(121, 1, 3, 74, 'Calendar Delete Deleteguest', '2010-04-25 15:03:18', NULL),
(122, 1, 3, 75, 'Calendar Delete Deleteeventtime', '2010-04-25 15:03:18', NULL),
(123, 1, 4, 76, 'Calendar Update Updateevent', '2010-04-25 15:03:18', NULL),
(124, 3, 1, 77, 'Financial Create Createdeposit', '2010-04-25 15:03:18', NULL),
(125, 3, 1, 78, 'Financial Create Createfee', '2010-04-25 15:03:18', NULL),
(126, 3, 4, 79, 'Financial Update Updatedeposit', '2010-04-25 15:03:18', NULL),
(127, 3, 4, 80, 'Financial Update Updatefee', '2010-04-25 15:03:18', NULL),
(128, 3, 5, 81, 'Financial View Viewaccounttransactions', '2010-04-25 15:03:18', NULL),
(129, 3, 5, 82, 'Financial View Viewalldeposits', '2010-04-25 15:03:18', NULL),
(130, 3, 5, 83, 'Financial View Viewallfees', '2010-04-25 15:03:18', NULL),
(131, 5, 2, 1, 'Maintenance Index Index', '2010-04-25 15:03:18', NULL),
(132, 10, 8, 84, 'Unit Leasewizard Selectfeedeposit', '2010-04-25 15:03:19', NULL),
(133, 1, 3, 85, 'Calendar Delete Deleteallguests', '2010-05-14 21:09:46', NULL),
(134, 3, 1, 86, 'Financial Create Createaccounttransaction', '2010-05-14 21:09:46', NULL),
(135, 3, 4, 87, 'Financial Update Updatedepositaccountlink', '2010-05-14 21:09:46', NULL),
(136, 3, 4, 88, 'Financial Update Updatefeeaccountlink', '2010-05-14 21:09:46', NULL),
(137, 3, 5, 89, 'Financial View Viewbill', '2010-05-14 21:09:47', NULL),
(138, 3, 5, 90, 'Financial View Viewpaymentdetail', '2010-05-14 21:09:47', NULL),
(139, 3, 5, 91, 'Financial View Viewtransaction', '2010-05-14 21:09:47', NULL),
(140, 10, 1, 92, 'Unit Create Createleasefee', '2010-05-14 21:09:47', NULL),
(141, 10, 1, 93, 'Unit Create Createleasedeposit', '2010-05-14 21:09:47', NULL),
(142, 10, 5, 94, 'Unit View Unitsforrent', '2010-05-14 21:09:47', NULL),
(143, 10, 5, 95, 'Unit View Viewunitgraphics', '2010-05-14 21:09:47', NULL),
(144, 10, 12, 1, 'Unit Add Index', '2010-05-14 21:09:47', NULL),
(145, 10, 12, 96, 'Unit Add Addpicture', '2010-05-14 21:09:13', NULL),
(146, 12, 5, 1, 'Applicant View Index', '2010-05-20 22:10:40', NULL),
(147, 12, 13, 1, 'Applicant Backend Index', '2010-05-22 12:12:17', NULL),
(148, 12, 14, 1, 'Applicant Apply Index', '2010-05-22 12:12:17', NULL),
(149, 10, 3, 97, 'Unit Delete Deleteunitmetadata', '2010-05-24 12:12:27', NULL),
(150, 10, 7, 1, 'Unit Search Index', '2010-05-24 12:12:27', NULL),
(151, 12, 14, 98, 'Applicant Apply Waitlist', '2010-05-29 14:02:47', NULL),
(152, 10, 5, 99, 'Unit View Viewunitmodel', '2010-05-29 14:02:47', NULL),
(153, 12, 14, 100, 'Applicant Apply Waitlistapply', '2010-05-30 14:02:24', NULL),
(154, 12, 14, 101, 'Applicant Apply Applyuser', '2010-05-31 22:10:21', NULL),
(155, 3, 15, 1, 'Financial Bulk Index', '2010-06-05 20:08:31', NULL),
(156, 10, 5, 102, 'Unit View Show', '2010-06-05 20:08:31', NULL),
(157, 3, 6, 6, 'Financial Error Error', '2010-06-06 12:12:03', NULL),
(158, 3, 6, 7, 'Financial Error Noaccess', '2010-06-06 12:12:03', NULL),
(159, 3, 15, 103, 'Financial Bulk Process', '2010-06-06 12:12:03', NULL),
(160, 12, 14, 104, 'Applicant Apply Aboutyou', '2010-06-12 19:07:40', NULL),
(161, 12, 14, 105, 'Applicant Apply Applicantcurrentaddress', '2010-06-19 21:09:41', NULL),
(162, 12, 14, 106, 'Applicant Apply Applicantpreviousaddress', '2010-06-19 21:09:41', NULL),
(163, 12, 14, 107, 'Applicant Apply Applicantspouse', '2010-06-19 21:09:41', NULL),
(164, 12, 14, 108, 'Applicant Apply Applicantrentalcriminalhistory', '2010-06-26 14:02:07', NULL),
(165, 12, 14, 109, 'Applicant Apply Applicantcurrentworkhistory', '2010-06-26 14:02:07', NULL),
(166, 12, 14, 110, 'Applicant Apply Applicantpreviousworkhistory', '2010-06-26 14:02:07', NULL),
(167, 12, 14, 111, 'Applicant Apply Applicantcredithistory', '2010-06-26 14:02:07', NULL),
(168, 12, 14, 112, 'Applicant Apply Occupants', '2010-06-26 14:02:07', NULL),
(169, 12, 14, 113, 'Applicant Apply Vehicles', '2010-06-26 14:02:07', NULL),
(170, 12, 14, 114, 'Applicant Apply Applicantemergencycontact', '2010-06-26 14:02:07', NULL),
(171, 12, 14, 115, 'Applicant Apply Whyyourented', '2010-06-26 14:02:07', NULL),
(172, 12, 14, 116, 'Applicant Apply Authorization', '2010-06-26 14:02:07', '2010-06-27 12:32:53'),
(173, 13, 1, 1, 'Settings Create Index', '2010-06-26 14:02:45', NULL),
(174, 13, 2, 1, 'Settings Index Index', '2010-06-26 14:02:45', NULL),
(175, 13, 5, 1, 'Settings View Index', '2010-06-26 15:03:43', NULL),
(176, 13, 4, 1, 'Settings Update Index', '2010-06-26 16:04:29', NULL),
(177, 13, 5, 28, 'Settings View View', '2010-06-26 16:04:29', NULL),
(178, 12, 1, 1, 'Applicant Create Index', '2010-07-11 16:04:02', NULL),
(182, 12, 14, 118, 'Applicant Apply Rentalcriminalhistory', '2010-07-11 16:04:02', NULL),
(183, 12, 14, 119, 'Applicant Apply Previousaddress', '2010-07-11 16:04:02', NULL),
(184, 12, 14, 120, 'Applicant Apply Currentworkhistory', '2010-07-11 16:04:02', NULL),
(185, 12, 14, 121, 'Applicant Apply Previousworkhistory', '2010-07-11 16:04:02', NULL),
(186, 12, 14, 122, 'Applicant Apply Emergencycontact', '2010-07-11 16:04:02', NULL),
(188, 5, 1, 124, 'Maintenance Create Createmaintenancerequestadmin', '2010-07-11 16:04:02', NULL),
(189, 5, 16, 125, 'Maintenance Setting Configure', '2010-07-11 16:04:02', NULL),
(190, 5, 16, 126, 'Maintenance Setting Populatedefaultassignedto', '2010-07-11 16:04:02', NULL),
(191, 5, 5, 127, 'Maintenance View Viewmaintenancerequestadmin', '2010-07-11 16:04:02', NULL),
(192, 5, 5, 128, 'Maintenance View Viewassignedrequests', '2010-07-11 16:04:02', NULL),
(194, 12, 14, 130, 'Applicant Apply End', '2010-07-11 19:07:28', NULL),
(199, 12, 14, 133, 'Applicant Apply Payment', '2010-07-25 01:01:05', NULL),
(204, 12, 1, 136, 'Applicant Create Fee', '2010-08-02 23:11:16', NULL),
(205, 12, 3, 136, 'Applicant Delete Fee', '2010-08-02 23:11:16', NULL),
(206, 12, 4, 136, 'Applicant Update Fee', '2010-08-02 23:11:16', NULL),
(207, 12, 5, 137, 'Applicant View Fees', '2010-08-02 23:11:16', NULL),
(209, 12, 14, 139, 'Applicant Apply Removeinfo', '2010-08-16 19:07:58', NULL),
(210, 3, 4, 140, 'Financial Update Updatefinancialaccountsetting', '2010-08-16 19:07:58', NULL),
(211, 3, 5, 141, 'Financial View Viewallfinancialaccountsettings', '2010-08-16 19:07:58', NULL),
(212, 3, 5, 142, 'Financial View Viewfinancialaccountsetting', '2010-08-16 19:07:58', NULL);

-- --------------------------------------------------------

--
-- Table structure for table `rolePermission`
--

DROP TABLE IF EXISTS `rolePermission`;
CREATE TABLE IF NOT EXISTS `rolePermission` (
  `id` int(11) NOT NULL AUTO_INCREMENT,
  `roleId` int(11) NOT NULL,
  `permissionId` int(11) NOT NULL,
  `dateCreated` datetime NOT NULL,
  `dateUpdated` datetime DEFAULT NULL,
  PRIMARY KEY (`id`),
  UNIQUE KEY `tuple` (`roleId`,`permissionId`),
  KEY `roleId` (`roleId`),
  KEY `permissionId` (`permissionId`)
) ENGINE=InnoDB  DEFAULT CHARSET=utf8 COMMENT='Relation between roles and permissions' AUTO_INCREMENT=505 ;

--
-- Dumping data for table `rolePermission`
--

REPLACE INTO `rolePermission` (`id`, `roleId`, `permissionId`, `dateCreated`, `dateUpdated`) VALUES
(3, 2, 2, '2010-04-20 16:07:49', NULL),
(4, 3, 2, '2010-04-20 16:07:52', NULL),
(5, 3, 4, '2010-04-20 16:07:56', NULL),
(6, 2, 4, '2010-04-20 16:07:58', NULL),
(7, 2, 3, '2010-04-20 16:07:59', NULL),
(8, 2, 6, '2010-04-20 16:08:06', NULL),
(9, 2, 5, '2010-04-20 16:08:09', NULL),
(10, 3, 5, '2010-04-20 16:08:11', NULL),
(11, 3, 6, '2010-04-20 16:08:13', NULL),
(12, 3, 3, '2010-04-20 16:08:16', NULL),
(17, 2, 114, '2010-04-20 16:08:45', NULL),
(18, 2, 113, '2010-04-20 16:08:49', NULL),
(19, 2, 116, '2010-04-20 16:08:54', NULL),
(21, 3, 114, '2010-04-20 16:08:59', NULL),
(24, 3, 113, '2010-04-20 16:09:07', NULL),
(25, 3, 116, '2010-04-20 16:09:10', NULL),
(28, 2, 10, '2010-04-20 16:12:11', NULL),
(29, 3, 10, '2010-04-20 16:12:16', NULL),
(30, 2, 7, '2010-04-20 16:12:18', NULL),
(31, 3, 7, '2010-04-20 16:12:21', NULL),
(33, 3, 112, '2010-04-20 16:12:37', NULL),
(34, 2, 112, '2010-04-20 16:12:40', NULL),
(35, 2, 111, '2010-04-20 16:12:42', NULL),
(36, 3, 111, '2010-04-20 16:12:45', NULL),
(38, 2, 120, '2010-04-25 15:04:53', NULL),
(39, 3, 120, '2010-04-25 15:04:56', NULL),
(40, 2, 122, '2010-04-25 15:04:58', NULL),
(41, 3, 122, '2010-04-25 15:05:00', NULL),
(42, 2, 121, '2010-04-25 15:05:03', NULL),
(43, 3, 121, '2010-04-25 15:05:04', NULL),
(45, 4, 102, '2010-05-03 22:44:21', NULL),
(47, 4, 72, '2010-05-03 22:45:51', NULL),
(48, 4, 103, '2010-05-03 22:46:31', NULL),
(56, 6, 145, '2010-05-14 21:49:57', NULL),
(61, 4, 143, '2010-05-16 15:53:32', NULL),
(62, 5, 143, '2010-05-16 15:53:32', NULL),
(63, 6, 143, '2010-05-16 15:53:32', NULL),
(71, 2, 117, '2010-05-22 01:00:44', NULL),
(72, 3, 117, '2010-05-22 01:00:44', NULL),
(73, 4, 117, '2010-05-22 01:00:44', NULL),
(77, 2, 148, '2010-05-22 12:41:13', NULL),
(78, 3, 148, '2010-05-22 12:41:13', NULL),
(79, 4, 148, '2010-05-22 12:41:13', NULL),
(80, 5, 148, '2010-05-22 12:41:13', NULL),
(81, 6, 148, '2010-05-22 12:41:13', NULL),
(82, 7, 148, '2010-05-22 12:41:13', NULL),
(83, 8, 148, '2010-05-22 12:41:13', NULL),
(85, 2, 150, '2010-05-24 12:59:01', NULL),
(86, 3, 150, '2010-05-24 12:59:01', NULL),
(87, 4, 150, '2010-05-24 12:59:01', NULL),
(88, 5, 150, '2010-05-24 12:59:01', NULL),
(89, 6, 150, '2010-05-24 12:59:01', NULL),
(90, 7, 150, '2010-05-24 12:59:01', NULL),
(91, 8, 150, '2010-05-24 12:59:01', NULL),
(92, 2, 98, '2010-05-28 17:48:42', NULL),
(93, 3, 98, '2010-05-28 17:48:42', NULL),
(94, 4, 98, '2010-05-28 17:48:42', NULL),
(95, 5, 98, '2010-05-28 17:48:42', NULL),
(96, 6, 98, '2010-05-28 17:48:42', NULL),
(97, 7, 98, '2010-05-28 17:48:42', NULL),
(98, 8, 98, '2010-05-28 17:48:42', NULL),
(100, 2, 142, '2010-05-28 17:49:22', NULL),
(101, 3, 142, '2010-05-28 17:49:22', NULL),
(102, 4, 142, '2010-05-28 17:49:22', NULL),
(103, 5, 142, '2010-05-28 17:49:22', NULL),
(104, 6, 142, '2010-05-28 17:49:22', NULL),
(105, 7, 142, '2010-05-28 17:49:22', NULL),
(106, 8, 142, '2010-05-28 17:49:22', NULL),
(107, 3, 100, '2010-05-28 17:49:49', NULL),
(108, 4, 100, '2010-05-28 17:49:49', NULL),
(109, 5, 100, '2010-05-28 17:49:49', NULL),
(110, 6, 100, '2010-05-28 17:49:49', NULL),
(111, 7, 100, '2010-05-28 17:49:49', NULL),
(112, 8, 100, '2010-05-28 17:49:49', NULL),
(120, 2, 9, '2010-05-29 01:57:12', NULL),
(121, 3, 9, '2010-05-29 01:57:12', NULL),
(122, 4, 9, '2010-05-29 01:57:12', NULL),
(123, 5, 9, '2010-05-29 01:57:12', NULL),
(124, 6, 9, '2010-05-29 01:57:12', NULL),
(125, 7, 9, '2010-05-29 01:57:12', NULL),
(126, 8, 9, '2010-05-29 01:57:12', NULL),
(128, 2, 75, '2010-05-29 02:04:03', NULL),
(129, 3, 75, '2010-05-29 02:04:03', NULL),
(130, 4, 75, '2010-05-29 02:04:03', NULL),
(131, 5, 75, '2010-05-29 02:04:03', NULL),
(132, 6, 75, '2010-05-29 02:04:03', NULL),
(133, 7, 75, '2010-05-29 02:04:03', NULL),
(134, 8, 75, '2010-05-29 02:04:03', NULL),
(135, 2, 151, '2010-05-29 14:15:17', NULL),
(136, 3, 151, '2010-05-29 14:15:17', NULL),
(137, 4, 151, '2010-05-29 14:15:17', NULL),
(138, 5, 151, '2010-05-29 14:15:17', NULL),
(139, 6, 151, '2010-05-29 14:15:17', NULL),
(140, 7, 151, '2010-05-29 14:15:17', NULL),
(141, 8, 151, '2010-05-29 14:15:17', NULL),
(143, 2, 153, '2010-05-30 14:48:45', NULL),
(144, 3, 153, '2010-05-30 14:48:45', NULL),
(145, 4, 153, '2010-05-30 14:48:45', NULL),
(146, 5, 153, '2010-05-30 14:48:45', NULL),
(147, 6, 153, '2010-05-30 14:48:45', NULL),
(148, 7, 153, '2010-05-30 14:48:45', NULL),
(149, 8, 153, '2010-05-30 14:48:45', NULL),
(151, 2, 118, '2010-05-30 20:17:19', NULL),
(152, 3, 118, '2010-05-30 20:17:19', NULL),
(153, 4, 118, '2010-05-30 20:17:19', NULL),
(154, 5, 118, '2010-05-30 20:17:19', NULL),
(155, 6, 118, '2010-05-30 20:17:19', NULL),
(156, 7, 118, '2010-05-30 20:17:19', NULL),
(157, 8, 118, '2010-05-30 20:17:19', NULL),
(159, 2, 154, '2010-05-31 22:02:47', NULL),
(160, 3, 154, '2010-05-31 22:02:47', NULL),
(161, 4, 154, '2010-05-31 22:02:47', NULL),
(162, 5, 154, '2010-05-31 22:02:47', NULL),
(163, 6, 154, '2010-05-31 22:02:47', NULL),
(164, 7, 154, '2010-05-31 22:02:47', NULL),
(165, 8, 154, '2010-05-31 22:02:47', NULL),
(166, 7, 155, '2010-06-05 20:41:18', NULL),
(168, 2, 158, '2010-06-06 12:46:14', NULL),
(169, 3, 158, '2010-06-06 12:46:14', NULL),
(170, 4, 158, '2010-06-06 12:46:14', NULL),
(171, 5, 158, '2010-06-06 12:46:14', NULL),
(172, 6, 158, '2010-06-06 12:46:14', NULL),
(173, 7, 158, '2010-06-06 12:46:14', NULL),
(174, 8, 158, '2010-06-06 12:46:14', NULL),
(176, 2, 157, '2010-06-06 12:46:25', NULL),
(177, 3, 157, '2010-06-06 12:46:25', NULL),
(178, 4, 157, '2010-06-06 12:46:25', NULL),
(179, 5, 157, '2010-06-06 12:46:25', NULL),
(180, 6, 157, '2010-06-06 12:46:25', NULL),
(181, 7, 157, '2010-06-06 12:46:25', NULL),
(182, 8, 157, '2010-06-06 12:46:25', NULL),
(183, 7, 159, '2010-06-06 16:14:23', NULL),
(185, 2, 160, '2010-06-12 19:58:59', NULL),
(186, 5, 160, '2010-06-12 19:58:59', NULL),
(187, 6, 160, '2010-06-12 19:58:59', NULL),
(188, 8, 160, '2010-06-12 19:58:59', NULL),
(189, 2, 110, '2010-06-17 23:18:13', NULL),
(190, 3, 110, '2010-06-17 23:18:13', NULL),
(191, 8, 110, '2010-06-17 23:18:13', NULL),
(193, 2, 161, '2010-06-19 21:27:30', NULL),
(194, 5, 161, '2010-06-19 21:27:30', NULL),
(195, 6, 161, '2010-06-19 21:27:30', NULL),
(196, 8, 161, '2010-06-19 21:27:30', NULL),
(198, 2, 162, '2010-06-19 21:27:47', NULL),
(199, 5, 162, '2010-06-19 21:27:47', NULL),
(200, 6, 162, '2010-06-19 21:27:47', NULL),
(201, 8, 162, '2010-06-19 21:27:47', NULL),
(203, 2, 163, '2010-06-19 21:28:02', NULL),
(204, 5, 163, '2010-06-19 21:28:02', NULL),
(205, 6, 163, '2010-06-19 21:28:02', NULL),
(206, 8, 163, '2010-06-19 21:28:02', NULL),
(208, 5, 167, '2010-06-27 12:29:10', NULL),
(209, 6, 167, '2010-06-27 12:29:10', NULL),
(210, 8, 167, '2010-06-27 12:29:10', NULL),
(212, 5, 165, '2010-06-27 12:29:23', NULL),
(213, 6, 165, '2010-06-27 12:29:23', NULL),
(214, 8, 165, '2010-06-27 12:29:23', NULL),
(216, 5, 170, '2010-06-27 12:29:33', NULL),
(217, 6, 170, '2010-06-27 12:29:33', NULL),
(218, 8, 170, '2010-06-27 12:29:34', NULL),
(220, 5, 166, '2010-06-27 12:29:51', NULL),
(221, 6, 166, '2010-06-27 12:29:51', NULL),
(222, 8, 166, '2010-06-27 12:29:51', NULL),
(224, 5, 164, '2010-06-27 12:30:04', NULL),
(225, 6, 164, '2010-06-27 12:30:04', NULL),
(226, 8, 164, '2010-06-27 12:30:04', NULL),
(228, 5, 169, '2010-06-27 12:30:43', NULL),
(229, 6, 169, '2010-06-27 12:30:43', NULL),
(230, 8, 169, '2010-06-27 12:30:43', NULL),
(232, 5, 171, '2010-06-27 12:30:53', NULL),
(233, 6, 171, '2010-06-27 12:30:53', NULL),
(234, 8, 171, '2010-06-27 12:30:53', NULL),
(236, 5, 172, '2010-06-27 12:33:10', NULL),
(237, 6, 172, '2010-06-27 12:33:10', NULL),
(238, 8, 172, '2010-06-27 12:33:10', NULL),
(240, 5, 168, '2010-06-27 12:33:22', NULL),
(241, 6, 168, '2010-06-27 12:33:22', NULL),
(242, 8, 168, '2010-06-27 12:33:22', NULL),
(244, 2, 119, '2010-07-03 17:33:08', NULL),
(245, 3, 119, '2010-07-03 17:33:08', NULL),
(246, 4, 119, '2010-07-03 17:33:08', NULL),
(247, 5, 119, '2010-07-03 17:33:08', NULL),
(248, 6, 119, '2010-07-03 17:33:08', NULL),
(249, 7, 119, '2010-07-03 17:33:08', NULL),
(250, 8, 119, '2010-07-03 17:33:08', NULL),
(258, 2, 1, '2010-07-11 16:35:37', NULL),
(259, 5, 1, '2010-07-11 16:35:37', NULL),
(260, 6, 1, '2010-07-11 16:35:37', NULL),
(261, 7, 1, '2010-07-11 16:35:37', NULL),
(263, 5, 186, '2010-07-11 19:43:43', NULL),
(264, 6, 186, '2010-07-11 19:43:43', NULL),
(265, 8, 186, '2010-07-11 19:43:43', NULL),
(267, 5, 184, '2010-07-11 19:44:00', NULL),
(268, 6, 184, '2010-07-11 19:44:00', NULL),
(269, 8, 184, '2010-07-11 19:44:00', NULL),
(275, 5, 183, '2010-07-11 19:46:20', NULL),
(276, 6, 183, '2010-07-11 19:46:20', NULL),
(277, 8, 183, '2010-07-11 19:46:20', NULL),
(279, 5, 185, '2010-07-11 19:46:40', NULL),
(280, 6, 185, '2010-07-11 19:46:40', NULL),
(281, 8, 185, '2010-07-11 19:46:40', NULL),
(283, 5, 182, '2010-07-11 19:46:59', NULL),
(284, 6, 182, '2010-07-11 19:46:59', NULL),
(285, 8, 182, '2010-07-11 19:46:59', NULL),
(287, 5, 147, '2010-07-11 19:47:32', NULL),
(288, 6, 147, '2010-07-11 19:47:32', NULL),
(292, 3, 108, '2010-07-11 22:20:07', NULL),
(293, 4, 108, '2010-07-11 22:20:07', NULL),
(294, 5, 108, '2010-07-11 22:20:07', NULL),
(295, 6, 108, '2010-07-11 22:20:07', NULL),
(296, 7, 108, '2010-07-11 22:20:07', NULL),
(297, 8, 108, '2010-07-11 22:20:07', NULL),
(298, 1, 1, '2010-07-15 23:34:04', '2010-07-15 23:34:04'),
(299, 1, 2, '2010-07-15 23:34:04', '2010-07-15 23:34:04'),
(300, 1, 3, '2010-07-15 23:34:04', '2010-07-15 23:34:04'),
(301, 1, 4, '2010-07-15 23:34:04', '2010-07-15 23:34:04'),
(302, 1, 5, '2010-07-15 23:34:04', '2010-07-15 23:34:04'),
(303, 1, 6, '2010-07-15 23:34:04', '2010-07-15 23:34:04'),
(304, 1, 120, '2010-07-15 23:34:04', '2010-07-15 23:34:04'),
(305, 1, 121, '2010-07-15 23:34:04', '2010-07-15 23:34:04'),
(306, 1, 122, '2010-07-15 23:34:04', '2010-07-15 23:34:04'),
(307, 1, 123, '2010-07-15 23:34:04', '2010-07-15 23:34:04'),
(308, 1, 133, '2010-07-15 23:34:04', '2010-07-15 23:34:04'),
(309, 1, 7, '2010-07-15 23:34:04', '2010-07-15 23:34:04'),
(310, 1, 8, '2010-07-15 23:34:04', '2010-07-15 23:34:04'),
(311, 1, 9, '2010-07-15 23:34:04', '2010-07-15 23:34:04'),
(312, 1, 10, '2010-07-15 23:34:04', '2010-07-15 23:34:04'),
(313, 1, 11, '2010-07-15 23:34:04', '2010-07-15 23:34:04'),
(314, 1, 12, '2010-07-15 23:34:04', '2010-07-15 23:34:04'),
(315, 1, 13, '2010-07-15 23:34:04', '2010-07-15 23:34:04'),
(316, 1, 14, '2010-07-15 23:34:04', '2010-07-15 23:34:04'),
(317, 1, 15, '2010-07-15 23:34:04', '2010-07-15 23:34:04'),
(318, 1, 16, '2010-07-15 23:34:04', '2010-07-15 23:34:04'),
(319, 1, 17, '2010-07-15 23:34:04', '2010-07-15 23:34:04'),
(320, 1, 18, '2010-07-15 23:34:04', '2010-07-15 23:34:04'),
(321, 1, 19, '2010-07-15 23:34:04', '2010-07-15 23:34:04'),
(322, 1, 20, '2010-07-15 23:34:04', '2010-07-15 23:34:04'),
(323, 1, 21, '2010-07-15 23:34:04', '2010-07-15 23:34:04'),
(324, 1, 124, '2010-07-15 23:34:04', '2010-07-15 23:34:04'),
(325, 1, 125, '2010-07-15 23:34:04', '2010-07-15 23:34:04'),
(326, 1, 126, '2010-07-15 23:34:04', '2010-07-15 23:34:04'),
(327, 1, 127, '2010-07-15 23:34:04', '2010-07-15 23:34:04'),
(328, 1, 128, '2010-07-15 23:34:04', '2010-07-15 23:34:04'),
(329, 1, 129, '2010-07-15 23:34:04', '2010-07-15 23:34:04'),
(330, 1, 130, '2010-07-15 23:34:04', '2010-07-15 23:34:04'),
(331, 1, 134, '2010-07-15 23:34:04', '2010-07-15 23:34:04'),
(332, 1, 135, '2010-07-15 23:34:04', '2010-07-15 23:34:04'),
(333, 1, 136, '2010-07-15 23:34:04', '2010-07-15 23:34:04'),
(334, 1, 137, '2010-07-15 23:34:04', '2010-07-15 23:34:04'),
(335, 1, 138, '2010-07-15 23:34:04', '2010-07-15 23:34:04'),
(336, 1, 139, '2010-07-15 23:34:04', '2010-07-15 23:34:04'),
(337, 1, 155, '2010-07-15 23:34:04', '2010-07-15 23:34:04'),
(338, 1, 157, '2010-07-15 23:34:04', '2010-07-15 23:34:04'),
(339, 1, 158, '2010-07-15 23:34:04', '2010-07-15 23:34:04'),
(340, 1, 159, '2010-07-15 23:34:04', '2010-07-15 23:34:04'),
(341, 1, 22, '2010-07-15 23:34:04', '2010-07-15 23:34:04'),
(342, 1, 23, '2010-07-15 23:34:04', '2010-07-15 23:34:04'),
(343, 1, 24, '2010-07-15 23:34:04', '2010-07-15 23:34:04'),
(344, 1, 25, '2010-07-15 23:34:04', '2010-07-15 23:34:04'),
(345, 1, 26, '2010-07-15 23:34:04', '2010-07-15 23:34:04'),
(346, 1, 27, '2010-07-15 23:34:04', '2010-07-15 23:34:04'),
(347, 1, 28, '2010-07-15 23:34:04', '2010-07-15 23:34:04'),
(348, 1, 29, '2010-07-15 23:34:04', '2010-07-15 23:34:04'),
(349, 1, 30, '2010-07-15 23:34:04', '2010-07-15 23:34:04'),
(350, 1, 131, '2010-07-15 23:34:04', '2010-07-15 23:34:04'),
(351, 1, 188, '2010-07-15 23:34:04', '2010-07-15 23:34:04'),
(352, 1, 189, '2010-07-15 23:34:04', '2010-07-15 23:34:04'),
(353, 1, 190, '2010-07-15 23:34:04', '2010-07-15 23:34:04'),
(354, 1, 191, '2010-07-15 23:34:04', '2010-07-15 23:34:04'),
(355, 1, 192, '2010-07-15 23:34:04', '2010-07-15 23:34:04'),
(356, 1, 31, '2010-07-15 23:34:04', '2010-07-15 23:34:04'),
(357, 1, 32, '2010-07-15 23:34:04', '2010-07-15 23:34:04'),
(358, 1, 33, '2010-07-15 23:34:04', '2010-07-15 23:34:04'),
(359, 1, 34, '2010-07-15 23:34:04', '2010-07-15 23:34:04'),
(360, 1, 35, '2010-07-15 23:34:04', '2010-07-15 23:34:04'),
(361, 1, 36, '2010-07-15 23:34:04', '2010-07-15 23:34:04'),
(362, 1, 37, '2010-07-15 23:34:04', '2010-07-15 23:34:04'),
(363, 1, 38, '2010-07-15 23:34:04', '2010-07-15 23:34:04'),
(364, 1, 39, '2010-07-15 23:34:04', '2010-07-15 23:34:04'),
(365, 1, 40, '2010-07-15 23:34:04', '2010-07-15 23:34:04'),
(366, 1, 41, '2010-07-15 23:34:04', '2010-07-15 23:34:04'),
(367, 1, 42, '2010-07-15 23:34:04', '2010-07-15 23:34:04'),
(368, 1, 43, '2010-07-15 23:34:04', '2010-07-15 23:34:04'),
(369, 1, 44, '2010-07-15 23:34:04', '2010-07-15 23:34:04'),
(370, 1, 45, '2010-07-15 23:34:04', '2010-07-15 23:34:04'),
(371, 1, 46, '2010-07-15 23:34:04', '2010-07-15 23:34:04'),
(372, 1, 47, '2010-07-15 23:34:04', '2010-07-15 23:34:04'),
(373, 1, 48, '2010-07-15 23:34:04', '2010-07-15 23:34:04'),
(374, 1, 49, '2010-07-15 23:34:04', '2010-07-15 23:34:04'),
(375, 1, 50, '2010-07-15 23:34:04', '2010-07-15 23:34:04'),
(376, 1, 53, '2010-07-15 23:34:04', '2010-07-15 23:34:04'),
(377, 1, 54, '2010-07-15 23:34:04', '2010-07-15 23:34:04'),
(378, 1, 55, '2010-07-15 23:34:04', '2010-07-15 23:34:04'),
(379, 1, 56, '2010-07-15 23:34:04', '2010-07-15 23:34:04'),
(380, 1, 57, '2010-07-15 23:34:04', '2010-07-15 23:34:04'),
(381, 1, 59, '2010-07-15 23:34:04', '2010-07-15 23:34:04'),
(382, 1, 60, '2010-07-15 23:34:04', '2010-07-15 23:34:04'),
(383, 1, 61, '2010-07-15 23:34:04', '2010-07-15 23:34:04'),
(384, 1, 62, '2010-07-15 23:34:04', '2010-07-15 23:34:04'),
(385, 1, 63, '2010-07-15 23:34:04', '2010-07-15 23:34:04'),
(386, 1, 64, '2010-07-15 23:34:04', '2010-07-15 23:34:04'),
(387, 1, 65, '2010-07-15 23:34:04', '2010-07-15 23:34:04'),
(388, 1, 66, '2010-07-15 23:34:04', '2010-07-15 23:34:04'),
(389, 1, 67, '2010-07-15 23:34:04', '2010-07-15 23:34:04'),
(390, 1, 68, '2010-07-15 23:34:04', '2010-07-15 23:34:04'),
(391, 1, 69, '2010-07-15 23:34:04', '2010-07-15 23:34:04'),
(392, 1, 70, '2010-07-15 23:34:04', '2010-07-15 23:34:04'),
(393, 1, 71, '2010-07-15 23:34:04', '2010-07-15 23:34:04'),
(394, 1, 72, '2010-07-15 23:34:04', '2010-07-15 23:34:04'),
(395, 1, 73, '2010-07-15 23:34:04', '2010-07-15 23:34:04'),
(396, 1, 74, '2010-07-15 23:34:04', '2010-07-15 23:34:04'),
(397, 1, 75, '2010-07-15 23:34:04', '2010-07-15 23:34:04'),
(398, 1, 76, '2010-07-15 23:34:04', '2010-07-15 23:34:04'),
(399, 1, 77, '2010-07-15 23:34:04', '2010-07-15 23:34:04'),
(400, 1, 78, '2010-07-15 23:34:04', '2010-07-15 23:34:04'),
(401, 1, 79, '2010-07-15 23:34:04', '2010-07-15 23:34:04'),
(402, 1, 80, '2010-07-15 23:34:04', '2010-07-15 23:34:04'),
(403, 1, 81, '2010-07-15 23:34:04', '2010-07-15 23:34:04'),
(404, 1, 82, '2010-07-15 23:34:04', '2010-07-15 23:34:04'),
(405, 1, 83, '2010-07-15 23:34:04', '2010-07-15 23:34:04'),
(406, 1, 84, '2010-07-15 23:34:04', '2010-07-15 23:34:04'),
(407, 1, 85, '2010-07-15 23:34:04', '2010-07-15 23:34:04'),
(408, 1, 86, '2010-07-15 23:34:04', '2010-07-15 23:34:04'),
(409, 1, 87, '2010-07-15 23:34:04', '2010-07-15 23:34:04'),
(410, 1, 88, '2010-07-15 23:34:04', '2010-07-15 23:34:04'),
(411, 1, 89, '2010-07-15 23:34:04', '2010-07-15 23:34:04'),
(412, 1, 90, '2010-07-15 23:34:04', '2010-07-15 23:34:04'),
(413, 1, 91, '2010-07-15 23:34:04', '2010-07-15 23:34:04'),
(414, 1, 92, '2010-07-15 23:34:04', '2010-07-15 23:34:04'),
(415, 1, 93, '2010-07-15 23:34:04', '2010-07-15 23:34:04'),
(416, 1, 94, '2010-07-15 23:34:04', '2010-07-15 23:34:04'),
(417, 1, 95, '2010-07-15 23:34:04', '2010-07-15 23:34:04'),
(418, 1, 96, '2010-07-15 23:34:04', '2010-07-15 23:34:04'),
(419, 1, 97, '2010-07-15 23:34:04', '2010-07-15 23:34:04'),
(420, 1, 98, '2010-07-15 23:34:04', '2010-07-15 23:34:04'),
(421, 1, 99, '2010-07-15 23:34:04', '2010-07-15 23:34:04'),
(422, 1, 100, '2010-07-15 23:34:04', '2010-07-15 23:34:04'),
(423, 1, 101, '2010-07-15 23:34:04', '2010-07-15 23:34:04'),
(424, 1, 102, '2010-07-15 23:34:04', '2010-07-15 23:34:04'),
(425, 1, 103, '2010-07-15 23:34:04', '2010-07-15 23:34:04'),
(426, 1, 104, '2010-07-15 23:34:04', '2010-07-15 23:34:04'),
(427, 1, 105, '2010-07-15 23:34:04', '2010-07-15 23:34:04'),
(428, 1, 106, '2010-07-15 23:34:04', '2010-07-15 23:34:04'),
(429, 1, 107, '2010-07-15 23:34:04', '2010-07-15 23:34:04'),
(430, 1, 132, '2010-07-15 23:34:04', '2010-07-15 23:34:04'),
(431, 1, 140, '2010-07-15 23:34:04', '2010-07-15 23:34:04'),
(432, 1, 141, '2010-07-15 23:34:04', '2010-07-15 23:34:04'),
(433, 1, 142, '2010-07-15 23:34:04', '2010-07-15 23:34:04'),
(434, 1, 143, '2010-07-15 23:34:05', '2010-07-15 23:34:05'),
(435, 1, 144, '2010-07-15 23:34:05', '2010-07-15 23:34:05'),
(436, 1, 145, '2010-07-15 23:34:05', '2010-07-15 23:34:05'),
(437, 1, 149, '2010-07-15 23:34:05', '2010-07-15 23:34:05'),
(438, 1, 150, '2010-07-15 23:34:05', '2010-07-15 23:34:05'),
(439, 1, 152, '2010-07-15 23:34:05', '2010-07-15 23:34:05'),
(440, 1, 156, '2010-07-15 23:34:05', '2010-07-15 23:34:05'),
(441, 1, 108, '2010-07-15 23:34:05', '2010-07-15 23:34:05'),
(442, 1, 109, '2010-07-15 23:34:05', '2010-07-15 23:34:05'),
(443, 1, 110, '2010-07-15 23:34:05', '2010-07-15 23:34:05'),
(444, 1, 111, '2010-07-15 23:34:05', '2010-07-15 23:34:05'),
(445, 1, 112, '2010-07-15 23:34:05', '2010-07-15 23:34:05'),
(446, 1, 113, '2010-07-15 23:34:05', '2010-07-15 23:34:05'),
(447, 1, 114, '2010-07-15 23:34:05', '2010-07-15 23:34:05'),
(448, 1, 115, '2010-07-15 23:34:05', '2010-07-15 23:34:05'),
(449, 1, 116, '2010-07-15 23:34:05', '2010-07-15 23:34:05'),
(450, 1, 117, '2010-07-15 23:34:05', '2010-07-15 23:34:05'),
(451, 1, 118, '2010-07-15 23:34:05', '2010-07-15 23:34:05'),
(452, 1, 119, '2010-07-15 23:34:05', '2010-07-15 23:34:05'),
(453, 1, 146, '2010-07-15 23:34:05', '2010-07-15 23:34:05'),
(454, 1, 147, '2010-07-15 23:34:05', '2010-07-15 23:34:05'),
(455, 1, 148, '2010-07-15 23:34:05', '2010-07-15 23:34:05'),
(456, 1, 151, '2010-07-15 23:34:05', '2010-07-15 23:34:05'),
(457, 1, 153, '2010-07-15 23:34:05', '2010-07-15 23:34:05'),
(458, 1, 154, '2010-07-15 23:34:05', '2010-07-15 23:34:05'),
(459, 1, 160, '2010-07-15 23:34:05', '2010-07-15 23:34:05'),
(460, 1, 161, '2010-07-15 23:34:05', '2010-07-15 23:34:05'),
(461, 1, 162, '2010-07-15 23:34:05', '2010-07-15 23:34:05'),
(462, 1, 163, '2010-07-15 23:34:05', '2010-07-15 23:34:05'),
(463, 1, 164, '2010-07-15 23:34:05', '2010-07-15 23:34:05'),
(464, 1, 165, '2010-07-15 23:34:05', '2010-07-15 23:34:05'),
(465, 1, 166, '2010-07-15 23:34:05', '2010-07-15 23:34:05'),
(466, 1, 167, '2010-07-15 23:34:05', '2010-07-15 23:34:05'),
(467, 1, 168, '2010-07-15 23:34:05', '2010-07-15 23:34:05'),
(468, 1, 169, '2010-07-15 23:34:05', '2010-07-15 23:34:05'),
(469, 1, 170, '2010-07-15 23:34:05', '2010-07-15 23:34:05'),
(470, 1, 171, '2010-07-15 23:34:05', '2010-07-15 23:34:05'),
(471, 1, 172, '2010-07-15 23:34:05', '2010-07-15 23:34:05'),
(472, 1, 178, '2010-07-15 23:34:05', '2010-07-15 23:34:05'),
(473, 1, 182, '2010-07-15 23:34:05', '2010-07-15 23:34:05'),
(474, 1, 183, '2010-07-15 23:34:05', '2010-07-15 23:34:05'),
(475, 1, 184, '2010-07-15 23:34:05', '2010-07-15 23:34:05'),
(476, 1, 185, '2010-07-15 23:34:05', '2010-07-15 23:34:05'),
(477, 1, 186, '2010-07-15 23:34:05', '2010-07-15 23:34:05'),
(481, 1, 173, '2010-07-15 23:34:05', '2010-07-15 23:34:05'),
(482, 1, 174, '2010-07-15 23:34:05', '2010-07-15 23:34:05'),
(483, 1, 175, '2010-07-15 23:34:05', '2010-07-15 23:34:05'),
(484, 1, 176, '2010-07-15 23:34:05', '2010-07-15 23:34:05'),
(485, 1, 177, '2010-07-15 23:34:05', '2010-07-15 23:34:05'),
(486, 1, 199, '2010-07-25 01:06:34', NULL),
(487, 5, 199, '2010-07-25 01:06:34', NULL),
(488, 6, 199, '2010-07-25 01:06:34', NULL),
(489, 8, 199, '2010-07-25 01:06:34', NULL),
(490, 1, 205, '2010-08-02 23:36:20', NULL),
(491, 1, 206, '2010-08-02 23:36:43', NULL),
(492, 1, 207, '2010-08-02 23:37:08', NULL),
(493, 1, 204, '2010-08-02 23:38:25', NULL),
(494, 1, 209, '2010-08-16 19:32:08', NULL),
(495, 5, 209, '2010-08-16 19:32:08', NULL),
(496, 6, 209, '2010-08-16 19:32:08', NULL),
(497, 8, 209, '2010-08-16 19:32:08', NULL),
(501, 1, 194, '2010-08-16 22:14:01', NULL),
(502, 5, 194, '2010-08-16 22:14:01', NULL),
(503, 6, 194, '2010-08-16 22:14:01', NULL),
(504, 8, 194, '2010-08-16 22:14:01', NULL);

--
-- Constraints for dumped tables
--

--
-- Constraints for table `permission`
--
ALTER TABLE `permission`
  ADD CONSTRAINT `permission_ibfk_1` FOREIGN KEY (`moduleId`) REFERENCES `modules` (`id`) ON DELETE CASCADE ON UPDATE CASCADE,
  ADD CONSTRAINT `permission_ibfk_2` FOREIGN KEY (`actionId`) REFERENCES `actions` (`id`) ON DELETE CASCADE ON UPDATE CASCADE;

--
-- Constraints for table `rolePermission`
--
ALTER TABLE `rolePermission`
  ADD CONSTRAINT `rolePermission_ibfk_1` FOREIGN KEY (`roleId`) REFERENCES `role` (`id`) ON DELETE CASCADE ON UPDATE CASCADE,
  ADD CONSTRAINT `rolePermission_ibfk_2` FOREIGN KEY (`permissionId`) REFERENCES `permission` (`id`) ON DELETE CASCADE ON UPDATE CASCADE;
SET FOREIGN_KEY_CHECKS=1;