ALTER TABLE `permission` DROP FOREIGN KEY `permission_ibfk_1`;
ALTER TABLE `rolePermission` DROP FOREIGN KEY `rolePermission_ibfk_1`;
ALTER TABLE `rolePermission` DROP FOREIGN KEY `rolePermission_ibfk_2`;
ALTER TABLE `reports` DROP FOREIGN KEY `reports_ibfk_1`;

DROP TABLE IF EXISTS `actions`;
CREATE TABLE `actions` (
  `id` int(11) NOT NULL AUTO_INCREMENT,
  `name` varchar(50) NOT NULL,
  `icon` varchar(90) DEFAULT NULL,
  `display` tinyint(4) NOT NULL DEFAULT '1',
  `dateCreated` datetime NOT NULL,
  `dateUpdated` datetime DEFAULT NULL,
  PRIMARY KEY (`id`),
  KEY `name` (`name`(2)),
  KEY `icon` (`icon`(6))
) ENGINE=InnoDB AUTO_INCREMENT=170 DEFAULT CHARSET=utf8;


INSERT INTO `actions` VALUES (1,'Index','/images/dashboard/066644-sky-blue-white-pearl-icon-people-things-people-inspector-sc44.png',1,'2010-08-20 17:05:42','2010-09-05 00:35:12'),(2,'Fee',NULL,1,'2010-08-20 17:05:42',NULL),(3,'Fees',NULL,1,'2010-08-20 17:05:42',NULL),(4,'Viewfeesdue',NULL,1,'2010-08-20 17:05:42',NULL),(5,'Viewfeespaid',NULL,1,'2010-08-20 17:05:42',NULL),(8,'Applyuser',NULL,1,'2010-08-20 17:05:42',NULL),(9,'Rentalcriminalhistory',NULL,1,'2010-08-20 17:05:42',NULL),(10,'Aboutyou',NULL,1,'2010-08-20 17:05:42',NULL),(11,'Currentaddress',NULL,1,'2010-08-20 17:05:42',NULL),(12,'Previousaddress',NULL,1,'2010-08-20 17:05:42',NULL),(13,'Currentworkhistory',NULL,1,'2010-08-20 17:05:42',NULL),(14,'Previousworkhistory',NULL,1,'2010-08-20 17:05:42',NULL),(15,'Credithistory',NULL,1,'2010-08-20 17:05:42',NULL),(16,'Spouse',NULL,1,'2010-08-20 17:05:42',NULL),(17,'Occupants',NULL,1,'2010-08-20 17:05:42',NULL),(18,'Vehicles',NULL,1,'2010-08-20 17:05:42',NULL),(19,'Emergencycontact',NULL,1,'2010-08-20 17:05:42',NULL),(20,'Whyyourented',NULL,1,'2010-08-20 17:05:42',NULL),(21,'Authorization',NULL,1,'2010-08-20 17:05:42',NULL),(22,'Payment',NULL,1,'2010-08-20 17:05:42',NULL),(23,'End',NULL,1,'2010-08-20 17:05:42',NULL),(24,'Removeinfo',NULL,1,'2010-08-20 17:05:42',NULL),(25,'Deleteevent',NULL,1,'2010-08-20 17:05:42',NULL),(26,'Deleteguest',NULL,1,'2010-08-20 17:05:42',NULL),(27,'Deleteallguests',NULL,1,'2010-08-20 17:05:42',NULL),(28,'Deleteeventtime',NULL,1,'2010-08-20 17:05:42',NULL),(29,'Updateevent',NULL,1,'2010-08-20 17:05:42',NULL),(30,'Dailyview',NULL,1,'2010-08-20 17:05:42',NULL),(31,'Weekview',NULL,1,'2010-08-20 17:05:42',NULL),(32,'Viewevent',NULL,1,'2010-08-20 17:05:42',NULL),(33,'Search',NULL,1,'2010-08-20 17:05:42',NULL),(34,'Error',NULL,1,'2010-08-20 17:05:42',NULL),(35,'Createaccount','/images/dashboard/actionBar/account/createaccount.png',1,'2010-08-20 17:05:42',NULL),(36,'Createaccounttransaction','/images/dashboard/actionBar/account/createaccounts.png',1,'2010-08-20 17:05:42',NULL),(37,'Createdeposit',NULL,1,'2010-08-20 17:05:42',NULL),(38,'Createfee','/images/dashboard/actionBar/fee/createfee.png',1,'2010-08-20 17:05:42',NULL),(39,'Createaccountlink',NULL,1,'2010-08-20 17:05:42',NULL),(40,'Searchunit',NULL,1,'2010-08-20 17:05:42',NULL),(41,'Selectbill',NULL,1,'2010-08-20 17:05:42',NULL),(42,'Createbill',NULL,1,'2010-08-20 17:05:42',NULL),(43,'Noaccess',NULL,1,'2010-08-20 17:05:42',NULL),(44,'Updateaccount',NULL,1,'2010-08-20 17:05:42',NULL),(45,'Updateaccountlink',NULL,1,'2010-08-20 17:05:42',NULL),(46,'Updatedepositaccountlink',NULL,1,'2010-08-20 17:05:42',NULL),(47,'Updatefeeaccountlink',NULL,1,'2010-08-20 17:05:42',NULL),(48,'Updatedeposit',NULL,1,'2010-08-20 17:05:42',NULL),(49,'Updatefee',NULL,1,'2010-08-20 17:05:42',NULL),(50,'Updatefinancialaccountsetting',NULL,1,'2010-08-20 17:05:42',NULL),(51,'Viewaccounttransactions',NULL,1,'2010-08-20 17:05:42',NULL),(52,'Viewallaccounts','/images/dashboard/actionBar/account/viewallaccounts.png',1,'2010-08-20 17:05:42',NULL),(53,'Viewalldeposits',NULL,1,'2010-08-20 17:05:42',NULL),(54,'Viewallfees','/images/dashboard/actionBar/fee/viewallfees.png',1,'2010-08-20 17:05:42',NULL),(55,'Viewaccount',NULL,1,'2010-08-20 17:05:42',NULL),(56,'Viewbill',NULL,1,'2010-08-20 17:05:42',NULL),(57,'Viewpaymentdetail',NULL,1,'2010-08-20 17:05:42',NULL),(58,'Viewallaccountlinks','/images/dashboard/actionBar/accountlink/viewallaccountlinks.png',1,'2010-08-20 17:05:42',NULL),(59,'Viewtransaction',NULL,1,'2010-08-20 17:05:42',NULL),(60,'Viewallfinancialaccountsettings','/images/dashboard/actionBar/financialaccountsetting/viewallsettings.png',1,'2010-08-20 17:05:42',NULL),(61,'Viewfinancialaccountsetting',NULL,1,'2010-08-20 17:05:42',NULL),(62,'Db',NULL,1,'2010-08-20 17:05:42',NULL),(63,'Text',NULL,1,'2010-08-20 17:05:42',NULL),(64,'Read',NULL,1,'2010-08-20 17:05:42',NULL),(65,'Createmaintenancerequestadmin','/images/dashboard/actionBar/maintenance/createrequestadmin.png',1,'2010-08-20 17:05:42',NULL),(66,'Createmaintenancerequest','/images/dashboard/actionBar/maintenance/createrequest.png',1,'2010-08-20 17:05:42',NULL),(67,'Configure',NULL,1,'2010-08-20 17:05:42',NULL),(68,'Populatedefaultassignedto',NULL,1,'2010-08-20 17:05:42',NULL),(69,'Viewallmaintenancerequests','/images/dashboard/actionBar/maintenance/allrequests.png',1,'2010-08-20 17:05:42',NULL),(70,'Viewmaintenancerequest',NULL,1,'2010-08-20 17:05:42',NULL),(71,'Viewmaintenancerequestadmin',NULL,1,'2010-08-20 17:05:42',NULL),(72,'Viewmymaintenancerequests','/images/dashboard/actionBar/maintenance/myrequests.png',1,'2010-08-20 17:05:42',NULL),(73,'Viewassignedrequests','/images/dashboard/actionBar/maintenance/assignedrequests.png',1,'2010-08-20 17:05:42',NULL),(74,'Help',NULL,1,'2010-08-20 17:05:42',NULL),(75,'Update','/images/dashboard/onebit_20.gif',1,'2010-08-20 17:05:42','2010-08-20 18:14:37'),(76,'Viewallmodules','/images/dashboard/onebit_02.gif',1,'2010-08-20 17:05:42','2010-08-20 18:15:33'),(77,'View','/images/dashboard/onebit_02.gif',1,'2010-08-20 17:05:42','2010-08-20 18:16:17'),(78,'Roleaccess',NULL,1,'2010-08-20 17:05:42',NULL),(79,'Delete','/images/dashboard/onebit_32.gif',1,'2010-08-20 17:05:42','2010-08-20 18:17:34'),(80,'Createamenity','/images/dashboard/actionBar/amenity/createamenity.png',1,'2010-08-20 17:05:42',NULL),(81,'Createapartment',NULL,1,'2010-08-20 17:05:42',NULL),(82,'Createleasefee',NULL,1,'2010-08-20 17:05:42',NULL),(83,'Createleasedeposit',NULL,1,'2010-08-20 17:05:42',NULL),(84,'Createunitsingle','/images/dashboard/actionBar/unit/createunitsingle.png',1,'2010-08-20 17:05:42','2010-08-20 18:19:31'),(85,'Createunitbulk','/images/dashboard/actionBar/unit/createunitbulk.png',1,'2010-08-20 17:05:42','2010-08-20 18:20:11'),(86,'Createunitmodel','/images/dashboard/actionBar/unitmodel/createunitmodel.png',1,'2010-08-20 17:05:42','2010-08-20 18:21:23'),(87,'Createmodelrentschedule','/images/dashboard/actionBar/modelrentschedule/createmodelrentschedule.png',1,'2010-08-20 17:05:42','2010-08-20 18:22:29'),(88,'Unitmodelindex','/images/dashboard/onebit_01.gif',1,'2010-08-20 17:05:42','2010-08-20 18:25:32'),(89,'Amenityindex','/images/dashboard/onebit_01.gif',1,'2010-08-20 17:05:42','2010-08-20 18:26:25'),(90,'Addusertolist',NULL,1,'2010-08-20 17:05:42',NULL),(91,'Removeuserfromlist',NULL,1,'2010-08-20 17:05:42',NULL),(92,'Confirmation',NULL,1,'2010-08-20 17:05:42',NULL),(93,'Enterdiscounts',NULL,1,'2010-08-20 17:05:42',NULL),(94,'Entermoveindate',NULL,1,'2010-08-20 17:05:42',NULL),(95,'Searchaddtenet',NULL,1,'2010-08-20 17:05:42',NULL),(96,'Selectfeedeposit',NULL,1,'2010-08-20 17:05:42',NULL),(97,'Selectrentschedule',NULL,1,'2010-08-20 17:05:42',NULL),(98,'Startleasewizard',NULL,1,'2010-08-20 17:05:42',NULL),(99,'Deleteapartment',NULL,1,'2010-08-20 17:05:42',NULL),(100,'Deleteunitmetadata',NULL,1,'2010-08-20 17:05:42',NULL),(101,'Viewunittenet','/images/dashboard/onebit_02.gif',1,'2010-08-20 17:05:42','2010-08-20 18:31:14'),(102,'Addtounit',NULL,1,'2010-08-20 17:05:42',NULL),(103,'Cancellease',NULL,1,'2010-08-20 17:05:42',NULL),(104,'Updateamenity',NULL,1,'2010-08-20 17:05:42',NULL),(105,'Updateapartment',NULL,1,'2010-08-20 17:05:42',NULL),(106,'Updateunit',NULL,1,'2010-08-20 17:05:42',NULL),(107,'Updateunitmodel',NULL,1,'2010-08-20 17:05:42',NULL),(108,'Getregions',NULL,1,'2010-08-20 17:05:42',NULL),(109,'Viewallamenities','/images/dashboard/actionBar/amenity/viewallamenities.png',1,'2010-08-20 17:05:42',NULL),(110,'Viewallapartments','/images/dashboard/actionBar/apartment/viewallapartments.png',1,'2010-08-20 17:05:42',NULL),(111,'Viewallunitmodels','/images/dashboard/actionBar/unitmodel/viewallunitmodels.png',1,'2010-08-20 17:05:42',NULL),(112,'Viewallmodelrentschedule','/images/dashboard/onebit_02.gif',1,'2010-08-20 17:05:42','2010-08-20 18:32:25'),(113,'Viewallunits','/images/dashboard/actionBar/unit/viewallunits.png',1,'2010-08-20 17:05:42',NULL),(114,'Viewapartment',NULL,1,'2010-08-20 17:05:42',NULL),(115,'Viewlease',NULL,1,'2010-08-20 17:05:42',NULL),(116,'Viewleaselist',NULL,1,'2010-08-20 17:05:42',NULL),(117,'Viewmodelrentschedule',NULL,1,'2010-08-20 17:05:42',NULL),(118,'Viewunit',NULL,1,'2010-08-20 17:05:42',NULL),(119,'Viewunitmodel',NULL,1,'2010-08-20 17:05:42',NULL),(120,'Unitsforrent',NULL,1,'2010-08-20 17:05:42',NULL),(121,'Viewunitgraphics',NULL,1,'2010-08-20 17:05:42',NULL),(122,'Show',NULL,1,'2010-08-20 17:05:42',NULL),(123,'Addpicture',NULL,1,'2010-08-20 17:05:42',NULL),(124,'Changepwd',NULL,1,'2010-08-20 17:05:42',NULL),(125,'Changerole',NULL,1,'2010-08-20 17:05:42',NULL),(126,'Logout',NULL,1,'2010-08-20 17:05:42',NULL),(127,'Paymentconfirmation',NULL,1,'2010-08-22 20:08:34',NULL),(128,'Updaterentprorationsettings',NULL,1,'2010-08-22 20:08:34',NULL),(129,'Updatepermission',NULL,1,'2010-08-28 14:02:44',NULL),(130,'Viewmodules',NULL,1,'2010-08-28 14:02:44',NULL),(131,'Viewcontrollers',NULL,1,'2010-08-28 14:02:44',NULL),(132,'Viewactions',NULL,1,'2010-08-28 14:02:44',NULL),(133,'Apply',NULL,1,'2010-08-29 19:07:06',NULL),(134,'Waitlist','/images/dashboard/066613-sky-blue-white-pearl-icon-people-things-lamp1.png',1,'2010-09-01 10:10:16','2010-09-05 00:30:38'),(135,'Application','/images/dashboard/066658-sky-blue-white-pearl-icon-people-things-people-student-study.png',1,'2010-09-04 23:11:37','2010-09-05 00:24:40'),(136,'Viewfee',NULL,1,'2010-09-06 13:01:00',NULL),(137,'Message',NULL,1,'2010-09-06 20:08:30',NULL),(138,'Viewallapplicants','/images/dashboard/actionBar/applicant/viewapplicants.png',1,'2010-09-12 23:11:00',NULL),(139,'Updateapplicantstatus',NULL,1,'2010-09-14 22:10:45',NULL),(140,'Createstatus',NULL,1,'2010-09-14 22:10:45',NULL),(141,'Updatestatus',NULL,1,'2010-09-14 22:10:45',NULL),(142,'Viewallstatuses',NULL,1,'2010-09-14 22:10:45',NULL),(143,'Completedapps',NULL,1,'2010-09-20 23:11:58',NULL),(144,'Statuschange',NULL,1,'2010-09-20 23:11:58',NULL),(145,'Addpreleasefee',NULL,1,'2010-10-12 21:09:40',NULL),(146,'Applicantemail',NULL,1,'2010-10-12 21:09:40',NULL),(147,'Waitlistemail',NULL,1,'2010-10-12 21:09:40',NULL),(148,'Viewpreleaseapplicantfees',NULL,1,'2010-10-12 21:09:40',NULL),(149,'Refund',NULL,1,'2010-10-12 21:09:41',NULL),(150,'Forfeit',NULL,1,'2010-10-12 21:09:41',NULL),(151,'Payapplicantbills',NULL,1,'2010-10-17 13:01:53',NULL),(152,'Bgcheck',NULL,1,'2010-10-17 13:01:53',NULL),(153,'Bgcheckdetails',NULL,1,'2010-10-17 13:01:53',NULL),(154,'Selectapplicantbills',NULL,1,'2010-10-28 23:11:43',NULL),(155,'Payapplicantbillconfirmation',NULL,1,'2010-10-28 23:11:43',NULL),(156,'Rentroll',NULL,1,'2010-10-28 23:11:43',NULL),(157,'Selectleasebills',NULL,1,'2010-10-28 23:11:43',NULL),(159,'Payleasebills',NULL,1,'2010-11-03 21:09:25',NULL),(160,'Payleasebillconfirmation',NULL,1,'2010-11-03 21:09:25',NULL),(161,'Remove',NULL,1,'2010-11-03 21:09:25',NULL),(162,'Viewsettings',NULL,1,'2010-11-14 00:12:29',NULL),(163,'Applicant',NULL,1,'2010-11-26 21:09:40',NULL),(164,'Recurringfees',NULL,1,'2010-11-26 21:09:40',NULL),(165,'Cancelledlease',NULL,1,'2010-11-26 21:09:40',NULL),(166,'Incomingtenets',NULL,1,'2010-11-26 21:09:40',NULL),(167,'Paidfees',NULL,1,'2010-11-29 20:08:48',NULL),(168,'Servicerequests',NULL,1,'2010-11-29 20:08:48',NULL),(169,'Outgoingtenets',NULL,1,'2010-11-29 20:08:48',NULL);


DROP TABLE IF EXISTS `controllers`;
CREATE TABLE `controllers` (
  `id` int(11) NOT NULL AUTO_INCREMENT,
  `name` varchar(90) NOT NULL,
  `icon` varchar(250) DEFAULT NULL,
  `display` tinyint(4) NOT NULL DEFAULT '0',
  `dateCreated` datetime NOT NULL,
  `dateUpdated` datetime DEFAULT NULL,
  PRIMARY KEY (`id`),
  KEY `name` (`name`(5))
) ENGINE=InnoDB AUTO_INCREMENT=36 DEFAULT CHARSET=utf8 COMMENT='All the controllers that we have';


INSERT INTO `controllers` VALUES (1,'Create','/images/dashboard/onebit_48.gif',1,'2010-08-20 17:05:42','2010-08-20 17:43:20'),(2,'Index','/images/dashboard/onebit_01.gif',1,'2010-08-20 17:05:42','2010-08-20 17:43:59'),(3,'Delete','/images/dashboard/onebit_32.gif',1,'2010-08-20 17:05:42','2010-08-20 17:44:17'),(4,'Backend',NULL,1,'2010-08-20 17:05:42',NULL),(5,'Update','/images/dashboard/onebit_20.gif',1,'2010-08-20 17:05:42','2010-08-20 17:45:59'),(6,'View','/images/dashboard/onebit_02.gif',1,'2010-08-20 17:05:42','2010-08-20 17:46:26'),(7,'Dashboard','/images/dashboard/066613-sky-blue-white-pearl-icon-people-things-lamp1.png',1,'2010-08-20 17:05:42','2010-10-06 22:49:01'),(8,'Apply',NULL,1,'2010-08-20 17:05:42',NULL),(9,'Error',NULL,1,'2010-08-20 17:05:42',NULL),(10,'Bulk','/images/dashboard/controllerBar/financialModule/bulkuploadrent.png',1,'2010-08-20 17:05:42',NULL),(11,'Setting','/images/dashboard/controllerBar/maintenanceModule/maintsetting.png',1,'2010-08-20 17:05:42',NULL),(12,'Search','/images/dashboard/navigate_48.gif',1,'2010-08-20 17:05:42','2010-08-23 20:07:56'),(13,'Leasewizard',NULL,1,'2010-08-20 17:05:42',NULL),(14,'Tenet',NULL,1,'2010-08-20 17:05:42',NULL),(15,'Add',NULL,1,'2010-08-20 17:05:42',NULL),(16,'Join',NULL,1,'2010-08-20 17:05:42',NULL),(17,'Login',NULL,1,'2010-08-20 17:05:42',NULL),(18,'Waitlist',NULL,1,'2010-08-29 19:07:06',NULL),(19,'Amenity','/images/dashboard/controllerBar/unitModule/amenity.png',1,'2010-09-04 17:56:24','2010-09-04 17:56:28'),(20,'Apartment','/images/dashboard/controllerBar/unitModule/apartment.gif',1,'2010-09-04 17:56:43','2010-09-04 17:57:00'),(21,'Lease',NULL,1,'2010-09-04 17:57:39','2010-09-04 17:57:44'),(22,'Modelrentschedule',NULL,1,'2010-09-04 17:57:53','2010-09-04 17:57:56'),(23,'Unitmodel','/images/dashboard/controllerBar/unitModule/unitmodel.png',1,'2010-09-04 17:58:30','2010-09-04 17:58:33'),(24,'Unit','/images/dashboard/controllerBar/unitModule/unit.png',1,'2010-09-04 17:59:22','2010-09-04 17:59:46'),(25,'Accounttransaction',NULL,1,'2010-09-06 09:09:11',NULL),(26,'Account','/images/dashboard/controllerBar/financialModule/account.png',1,'2010-09-06 09:31:48',NULL),(27,'Fee','/images/dashboard/controllerBar/financialModule/fee.png',1,'2010-09-06 10:17:37',NULL),(28,'Accountlink','/images/dashboard/controllerBar/financialModule/accountlink.png',1,'2010-09-06 11:00:02',NULL),(29,'Bill',NULL,1,'2010-09-06 11:10:58',NULL),(30,'Financialaccountsetting','/images/dashboard/controllerBar/financialModule/finacctsetting.png',1,'2010-09-06 11:22:12',NULL),(31,'Payment',NULL,1,'2010-09-06 11:29:40',NULL),(32,'Applicantstatus',NULL,1,'2010-09-14 22:10:45',NULL),(33,'Refundforfeit',NULL,0,'2010-10-12 21:09:41',NULL),(34,'Report','/images/24/paper_content_chart_24.png',1,'2010-10-28 23:11:43','2010-11-14 16:53:17'),(35,'Maintenance','/images/dashboard/controllerBar/maintenanceModule/maintenance.png',1,'2010-11-14 00:30:04',NULL);


DROP TABLE IF EXISTS `modules`;
CREATE TABLE `modules` (
  `id` int(11) NOT NULL AUTO_INCREMENT,
  `name` varchar(50) NOT NULL,
  `icon` varchar(250) DEFAULT NULL,
  `display` tinyint(4) NOT NULL DEFAULT '0',
  `dateCreated` datetime NOT NULL,
  `dateUpdated` datetime DEFAULT NULL,
  PRIMARY KEY (`id`),
  KEY `name` (`name`(5))
) ENGINE=InnoDB AUTO_INCREMENT=15 DEFAULT CHARSET=utf8 COMMENT='The content of the modules folder, ie all the modules';


INSERT INTO `modules` VALUES (1,'applicant','/images/dashboard/magic-applicant.png',1,'2010-08-20 17:05:42','2010-09-05 01:19:46'),(2,'calendar','/images/dashboard/magic-calendar.png',1,'2010-08-20 17:05:42','2010-09-05 01:11:40'),(3,'default','/images/dashboard/006334-sky-blue-white-pearl-icon-arrows-arrow-check.png',1,'2010-08-20 17:05:42','2010-09-05 01:04:28'),(4,'financial','/images/dashboard/magic-financial.png',1,'2010-08-20 17:05:42','2010-09-05 01:03:29'),(5,'logs',NULL,0,'2010-08-20 17:05:42',NULL),(6,'maintenance','/images/dashboard/magic-maintenance.png',1,'2010-08-20 17:05:42','2010-09-05 01:09:50'),(7,'messages','/images/dashboard/magic-messages.png',1,'2010-08-20 17:05:42','2010-09-05 01:07:40'),(8,'modules',NULL,0,'2010-08-20 17:05:42',NULL),(9,'permission','/images/dashboard/onebit_04.gif',0,'2010-08-20 17:05:42','2010-09-05 01:20:14'),(10,'role','/images/dashboard/magic-role.png',1,'2010-08-20 17:05:42','2010-09-05 01:16:29'),(11,'settings','/images/dashboard/magic-settings.png',1,'2010-08-20 17:05:42','2010-09-05 01:13:01'),(12,'unit','/images/dashboard/magic-unit.png',1,'2010-08-20 17:05:42','2010-09-05 01:18:09'),(13,'user',NULL,0,'2010-08-20 17:05:42',NULL),(14,'email',NULL,0,'2010-10-17 13:01:53',NULL);


DROP TABLE IF EXISTS `permission`;
CREATE TABLE `permission` (
  `id` int(11) NOT NULL AUTO_INCREMENT,
  `moduleId` int(11) NOT NULL,
  `controllerId` int(11) NOT NULL,
  `actionId` int(11) NOT NULL,
  `alias` varchar(90) NOT NULL,
  `dateCreated` datetime NOT NULL,
  `dateUpdated` datetime DEFAULT NULL,
  PRIMARY KEY (`id`),
  KEY `moduleId` (`moduleId`)
) ENGINE=InnoDB AUTO_INCREMENT=349 DEFAULT CHARSET=utf8;


INSERT INTO `permission` VALUES (1,1,1,1,'Applicant Create Index','2010-08-20 17:05:42',NULL),(2,1,1,2,'Applicant Create Fee','2010-08-20 17:05:42',NULL),(3,1,3,2,'Applicant Delete Fee','2010-08-20 17:05:42',NULL),(4,1,4,1,'Applicant Backend Index','2010-08-20 17:05:42',NULL),(5,1,6,1,'Applicant View Index','2010-08-20 17:05:42',NULL),(6,1,6,3,'Applicant View Fees','2010-08-20 17:05:42',NULL),(7,1,7,1,'Applicant Dashboard Index','2010-08-20 17:05:42',NULL),(8,1,7,4,'Applicant Dashboard Viewfeesdue','2010-08-20 17:05:42',NULL),(9,1,7,5,'Applicant Dashboard Viewfeespaid','2010-08-20 17:05:42',NULL),(10,1,8,1,'Applicant Apply Index','2010-08-20 17:05:42',NULL),(13,1,8,8,'Applicant Apply Applyuser','2010-08-20 17:05:42',NULL),(14,1,8,9,'Applicant Apply Rentalcriminalhistory','2010-08-20 17:05:42',NULL),(15,1,8,10,'Applicant Apply Aboutyou','2010-08-20 17:05:42',NULL),(16,1,8,11,'Applicant Apply Currentaddress','2010-08-20 17:05:42',NULL),(17,1,8,12,'Applicant Apply Previousaddress','2010-08-20 17:05:42',NULL),(18,1,8,13,'Applicant Apply Currentworkhistory','2010-08-20 17:05:42',NULL),(19,1,8,14,'Applicant Apply Previousworkhistory','2010-08-20 17:05:42',NULL),(20,1,8,15,'Applicant Apply Credithistory','2010-08-20 17:05:42',NULL),(21,1,8,16,'Applicant Apply Spouse','2010-08-20 17:05:42',NULL),(22,1,8,17,'Applicant Apply Occupants','2010-08-20 17:05:42',NULL),(23,1,8,18,'Applicant Apply Vehicles','2010-08-20 17:05:42',NULL),(24,1,8,19,'Applicant Apply Emergencycontact','2010-08-20 17:05:42',NULL),(25,1,8,20,'Applicant Apply Whyyourented','2010-08-20 17:05:42',NULL),(26,1,8,21,'Applicant Apply Authorization','2010-08-20 17:05:42',NULL),(28,1,8,23,'Applicant Apply End','2010-08-20 17:05:42',NULL),(29,1,8,24,'Applicant Apply Removeinfo','2010-08-20 17:05:42',NULL),(30,2,1,1,'Calendar Create Index','2010-08-20 17:05:42',NULL),(31,2,2,1,'Calendar Index Index','2010-08-20 17:05:42',NULL),(32,2,3,25,'Calendar Delete Deleteevent','2010-08-20 17:05:42',NULL),(33,2,3,26,'Calendar Delete Deleteguest','2010-08-20 17:05:42',NULL),(34,2,3,27,'Calendar Delete Deleteallguests','2010-08-20 17:05:42',NULL),(35,2,3,28,'Calendar Delete Deleteeventtime','2010-08-20 17:05:42',NULL),(36,2,5,29,'Calendar Update Updateevent','2010-08-20 17:05:42',NULL),(37,2,6,1,'Calendar View Index','2010-08-20 17:05:42',NULL),(38,2,6,30,'Calendar View Dailyview','2010-08-20 17:05:42',NULL),(39,2,6,31,'Calendar View Weekview','2010-08-20 17:05:42',NULL),(40,2,6,32,'Calendar View Viewevent','2010-08-20 17:05:42',NULL),(41,3,2,1,'Default Index Index','2010-08-20 17:05:42',NULL),(42,3,2,33,'Default Index Search','2010-08-20 17:05:42',NULL),(43,3,9,34,'Default Error Error','2010-08-20 17:05:42',NULL),(52,4,2,1,'Financial Index Index','2010-08-20 17:05:42',NULL),(53,4,9,34,'Financial Error Error','2010-08-20 17:05:42',NULL),(54,4,9,43,'Financial Error Noaccess','2010-08-20 17:05:42',NULL),(73,4,10,1,'Financial Bulk Index','2010-08-20 17:05:42',NULL),(74,5,2,1,'Logs Index Index','2010-08-20 17:05:42',NULL),(75,5,2,62,'Logs Index Db','2010-08-20 17:05:42',NULL),(76,5,2,63,'Logs Index Text','2010-08-20 17:05:42',NULL),(77,5,2,64,'Logs Index Read','2010-08-20 17:05:42',NULL),(78,5,9,34,'Logs Error Error','2010-08-20 17:05:42',NULL),(81,6,2,1,'Maintenance Index Index','2010-08-20 17:05:42',NULL),(82,6,11,67,'Maintenance Setting Configure','2010-08-20 17:05:42',NULL),(83,6,11,68,'Maintenance Setting Populatedefaultassignedto','2010-08-20 17:05:42',NULL),(89,7,1,1,'Messages Create Index','2010-08-20 17:05:42',NULL),(90,7,2,1,'Messages Index Index','2010-08-20 17:05:42',NULL),(91,7,3,74,'Messages Delete Help','2010-08-20 17:05:42',NULL),(92,7,3,1,'Messages Delete Index','2010-08-20 17:05:42',NULL),(93,7,5,1,'Messages Update Index','2010-08-20 17:05:42',NULL),(94,7,6,1,'Messages View Index','2010-08-20 17:05:42',NULL),(95,8,2,1,'Modules Index Index','2010-08-20 17:05:42',NULL),(96,8,9,34,'Modules Error Error','2010-08-20 17:05:42',NULL),(97,8,5,1,'Modules Update Index','2010-08-20 17:05:42',NULL),(98,8,5,75,'Modules Update Update','2010-08-20 17:05:42',NULL),(99,8,6,1,'Modules View Index','2010-08-20 17:05:42',NULL),(100,8,6,76,'Modules View Viewallmodules','2010-08-20 17:05:42',NULL),(101,9,2,1,'Permission Index Index','2010-08-20 17:05:42',NULL),(102,9,9,34,'Permission Error Error','2010-08-20 17:05:42',NULL),(103,9,5,1,'Permission Update Index','2010-08-20 17:05:42',NULL),(104,9,6,1,'Permission View Index','2010-08-20 17:05:42',NULL),(105,9,6,77,'Permission View View','2010-08-20 17:05:42',NULL),(106,10,1,1,'Role Create Index','2010-08-20 17:05:42',NULL),(107,10,1,78,'Role Create Roleaccess','2010-08-20 17:05:42',NULL),(108,10,2,1,'Role Index Index','2010-08-20 17:05:42',NULL),(109,10,9,34,'Role Error Error','2010-08-20 17:05:42',NULL),(110,10,9,43,'Role Error Noaccess','2010-08-20 17:05:42',NULL),(111,10,3,1,'Role Delete Index','2010-08-20 17:05:42',NULL),(112,10,3,79,'Role Delete Delete','2010-08-20 17:05:42',NULL),(113,10,12,1,'Role Search Index','2010-08-20 17:05:42',NULL),(114,10,5,1,'Role Update Index','2010-08-20 17:05:42',NULL),(115,10,5,75,'Role Update Update','2010-08-20 17:05:42',NULL),(116,10,6,1,'Role View Index','2010-08-20 17:05:42',NULL),(117,10,6,77,'Role View View','2010-08-20 17:05:42',NULL),(119,11,1,1,'Settings Create Index','2010-08-20 17:05:42',NULL),(120,11,2,1,'Settings Index Index','2010-08-20 17:05:42',NULL),(121,11,5,1,'Settings Update Index','2010-08-20 17:05:42',NULL),(122,11,6,1,'Settings View Index','2010-08-20 17:05:42',NULL),(123,11,6,77,'Settings View View','2010-08-20 17:05:42',NULL),(133,12,2,1,'Unit Index Index','2010-08-20 17:05:42',NULL),(136,12,9,34,'Unit Error Error','2010-08-20 17:05:42',NULL),(137,12,13,90,'Unit Leasewizard Addusertolist','2010-08-20 17:05:42',NULL),(138,12,13,91,'Unit Leasewizard Removeuserfromlist','2010-08-20 17:05:42',NULL),(139,12,13,92,'Unit Leasewizard Confirmation','2010-08-20 17:05:42',NULL),(140,12,13,93,'Unit Leasewizard Enterdiscounts','2010-08-20 17:05:42',NULL),(141,12,13,94,'Unit Leasewizard Entermoveindate','2010-08-20 17:05:42',NULL),(142,12,13,95,'Unit Leasewizard Searchaddtenet','2010-08-20 17:05:42',NULL),(143,12,13,96,'Unit Leasewizard Selectfeedeposit','2010-08-20 17:05:42',NULL),(144,12,13,97,'Unit Leasewizard Selectrentschedule','2010-08-20 17:05:42',NULL),(145,12,13,98,'Unit Leasewizard Startleasewizard','2010-08-20 17:05:42',NULL),(146,12,3,1,'Unit Delete Index','2010-08-20 17:05:42',NULL),(147,12,3,79,'Unit Delete Delete','2010-08-20 17:05:42',NULL),(148,12,3,99,'Unit Delete Deleteapartment','2010-08-20 17:05:42',NULL),(149,12,3,100,'Unit Delete Deleteunitmetadata','2010-08-20 17:05:42',NULL),(150,12,12,1,'Unit Search Index','2010-08-20 17:05:42',NULL),(151,12,14,101,'Unit Tenet Viewunittenet','2010-08-20 17:05:42',NULL),(152,12,14,95,'Unit Tenet Searchaddtenet','2010-08-20 17:05:42',NULL),(153,12,14,102,'Unit Tenet Addtounit','2010-08-20 17:05:42',NULL),(154,12,5,1,'Unit Update Index','2010-08-20 17:05:42',NULL),(160,12,5,108,'Unit Update Getregions','2010-08-20 17:05:42',NULL),(175,12,15,123,'Unit Add Addpicture','2010-08-20 17:05:42',NULL),(176,13,16,1,'User Join Index','2010-08-20 17:05:42',NULL),(177,13,1,1,'User Create Index','2010-08-20 17:05:42',NULL),(178,13,2,1,'User Index Index','2010-08-20 17:05:42',NULL),(179,13,9,34,'User Error Error','2010-08-20 17:05:42',NULL),(180,13,9,43,'User Error Noaccess','2010-08-20 17:05:42',NULL),(181,13,5,1,'User Update Index','2010-08-20 17:05:42',NULL),(182,13,5,124,'User Update Changepwd','2010-08-20 17:05:42',NULL),(183,13,5,125,'User Update Changerole','2010-08-20 17:05:42',NULL),(184,13,6,1,'User View Index','2010-08-20 17:05:42',NULL),(185,13,17,1,'User Login Index','2010-08-20 17:05:42',NULL),(186,13,17,126,'User Login Logout','2010-08-20 17:05:42',NULL),(187,13,17,34,'User Login Error','2010-08-20 17:05:42',NULL),(188,1,7,22,'Applicant Dashboard Payment','2010-08-22 20:08:34',NULL),(189,1,7,127,'Applicant Dashboard Paymentconfirmation','2010-08-22 20:08:34',NULL),(190,12,5,128,'Unit Update Updaterentprorationsettings','2010-08-22 20:08:34',NULL),(191,10,5,129,'Role Update Updatepermission','2010-08-28 14:02:44',NULL),(192,10,6,130,'Role View Viewmodules','2010-08-28 14:02:44',NULL),(193,10,6,131,'Role View Viewcontrollers','2010-08-28 14:02:44',NULL),(194,10,6,132,'Role View Viewactions','2010-08-28 14:02:44',NULL),(195,1,2,1,'Applicant Index Index','2010-08-28 14:02:54',NULL),(196,1,18,1,'Applicant Waitlist Index','2010-08-29 19:07:06',NULL),(197,1,18,133,'Applicant Waitlist Apply','2010-08-29 19:07:06',NULL),(198,1,7,134,'Applicant Dashboard Waitlist','2010-09-01 10:10:16',NULL),(199,12,23,1,'Unit Unitmodel Index','2010-09-04 18:06:05',NULL),(200,12,23,86,'Unit Unitmodel Createunitmodel','2010-09-04 18:06:05',NULL),(201,12,23,107,'Unit Unitmodel Updateunitmodel','2010-09-04 18:06:05',NULL),(202,12,23,111,'Unit Unitmodel Viewallunitmodels','2010-09-04 18:06:05',NULL),(203,12,23,119,'Unit Unitmodel Viewunitmodel','2010-09-04 18:06:05',NULL),(204,12,20,1,'Unit Apartment Index','2010-09-04 18:06:05',NULL),(205,12,20,81,'Unit Apartment Createapartment','2010-09-04 18:06:05',NULL),(206,12,20,99,'Unit Apartment Deleteapartment','2010-09-04 18:06:05',NULL),(207,12,20,105,'Unit Apartment Updateapartment','2010-09-04 18:06:05',NULL),(208,12,20,110,'Unit Apartment Viewallapartments','2010-09-04 18:06:05',NULL),(209,12,20,114,'Unit Apartment Viewapartment','2010-09-04 18:06:05',NULL),(210,12,22,1,'Unit Modelrentschedule Index','2010-09-04 18:06:05',NULL),(211,12,22,87,'Unit Modelrentschedule Createmodelrentschedule','2010-09-04 18:06:05',NULL),(212,12,22,112,'Unit Modelrentschedule Viewallmodelrentschedule','2010-09-04 18:06:05',NULL),(213,12,22,117,'Unit Modelrentschedule Viewmodelrentschedule','2010-09-04 18:06:05',NULL),(214,12,2,88,'Unit Index Unitmodelindex','2010-09-04 18:06:05',NULL),(215,12,2,89,'Unit Index Amenityindex','2010-09-04 18:06:05',NULL),(216,12,19,1,'Unit Amenity Index','2010-09-04 18:06:05',NULL),(217,12,19,80,'Unit Amenity Createamenity','2010-09-04 18:06:05',NULL),(218,12,19,104,'Unit Amenity Updateamenity','2010-09-04 18:06:05',NULL),(219,12,19,109,'Unit Amenity Viewallamenities','2010-09-04 18:06:05',NULL),(220,12,24,1,'Unit Unit Index','2010-09-04 18:06:05',NULL),(221,12,24,84,'Unit Unit Createunitsingle','2010-09-04 18:06:05',NULL),(222,12,24,85,'Unit Unit Createunitbulk','2010-09-04 18:06:05',NULL),(223,12,24,106,'Unit Unit Updateunit','2010-09-04 18:06:05',NULL),(224,12,24,113,'Unit Unit Viewallunits','2010-09-04 18:06:05',NULL),(225,12,24,118,'Unit Unit Viewunit','2010-09-04 18:06:05',NULL),(226,12,24,120,'Unit Unit Unitsforrent','2010-09-04 18:06:05',NULL),(227,12,24,121,'Unit Unit Viewunitgraphics','2010-09-04 18:06:05',NULL),(228,12,24,122,'Unit Unit Show','2010-09-04 18:06:05',NULL),(229,12,21,1,'Unit Lease Index','2010-09-04 18:06:05',NULL),(230,12,21,82,'Unit Lease Createleasefee','2010-09-04 18:06:05',NULL),(231,12,21,83,'Unit Lease Createleasedeposit','2010-09-04 18:06:05',NULL),(232,12,21,103,'Unit Lease Cancellease','2010-09-04 18:06:05',NULL),(233,12,21,115,'Unit Lease Viewlease','2010-09-04 18:06:05',NULL),(234,12,21,116,'Unit Lease Viewleaselist','2010-09-04 18:06:05',NULL),(235,1,7,135,'Applicant Dashboard Application','2010-09-04 23:11:37',NULL),(259,4,30,50,'Financial Financialaccountsetting Updatefinancialaccountsetting','2010-09-06 13:01:39',NULL),(260,4,30,60,'Financial Financialaccountsetting Viewallfinancialaccountsettings','2010-09-06 13:01:39',NULL),(261,4,30,61,'Financial Financialaccountsetting Viewfinancialaccountsetting','2010-09-06 13:01:39',NULL),(262,4,31,57,'Financial Payment Viewpaymentdetail','2010-09-06 13:01:39',NULL),(263,4,25,36,'Financial Accounttransaction Createaccounttransaction','2010-09-06 13:01:39',NULL),(264,4,25,51,'Financial Accounttransaction Viewaccounttransactions','2010-09-06 13:01:39',NULL),(265,4,25,59,'Financial Accounttransaction Viewtransaction','2010-09-06 13:01:39',NULL),(266,4,29,41,'Financial Bill Selectbill','2010-09-06 13:01:39',NULL),(267,4,29,42,'Financial Bill Createbill','2010-09-06 13:01:39',NULL),(268,4,29,40,'Financial Bill Searchunit','2010-09-06 13:01:39',NULL),(269,4,29,56,'Financial Bill Viewbill','2010-09-06 13:01:39',NULL),(270,4,28,39,'Financial Accountlink Createaccountlink','2010-09-06 13:01:39',NULL),(271,4,28,45,'Financial Accountlink Updateaccountlink','2010-09-06 13:01:39',NULL),(272,4,28,47,'Financial Accountlink Updatefeeaccountlink','2010-09-06 13:01:39',NULL),(273,4,28,58,'Financial Accountlink Viewallaccountlinks','2010-09-06 13:01:39',NULL),(274,4,27,38,'Financial Fee Createfee','2010-09-06 13:01:39',NULL),(275,4,27,49,'Financial Fee Updatefee','2010-09-06 13:01:39',NULL),(276,4,27,54,'Financial Fee Viewallfees','2010-09-06 13:01:39',NULL),(277,4,27,136,'Financial Fee Viewfee','2010-09-06 13:01:39',NULL),(278,4,26,35,'Financial Account Createaccount','2010-09-06 13:01:39',NULL),(279,4,26,44,'Financial Account Updateaccount','2010-09-06 13:01:39',NULL),(280,4,26,55,'Financial Account Viewaccount','2010-09-06 13:01:39',NULL),(281,4,26,52,'Financial Account Viewallaccounts','2010-09-06 13:01:39',NULL),(282,1,8,137,'Applicant Apply Message','2010-09-06 20:08:30',NULL),(283,1,6,138,'Applicant View Viewallapplicants','2010-09-12 23:11:00',NULL),(284,1,5,139,'Applicant Update Updateapplicantstatus','2010-09-14 22:10:45',NULL),(285,1,32,1,'Applicant Applicantstatus Index','2010-09-14 22:10:45',NULL),(286,1,32,140,'Applicant Applicantstatus Createstatus','2010-09-14 22:10:45',NULL),(287,1,32,141,'Applicant Applicantstatus Updatestatus','2010-09-14 22:10:45',NULL),(288,1,32,142,'Applicant Applicantstatus Viewallstatuses','2010-09-14 22:10:45',NULL),(289,3,9,43,'Default Error Noaccess','2010-09-14 22:10:45',NULL),(290,1,6,143,'Applicant View Completedapps','2010-09-20 23:11:58',NULL),(291,1,6,144,'Applicant View Statuschange','2010-09-20 23:11:58',NULL),(292,1,6,134,'Applicant View Waitlist','2010-09-30 22:10:52',NULL),(293,1,1,145,'Applicant Create Addpreleasefee','2010-10-12 21:09:40',NULL),(294,1,1,146,'Applicant Create Applicantemail','2010-10-12 21:09:40',NULL),(295,1,1,147,'Applicant Create Waitlistemail','2010-10-12 21:09:40',NULL),(296,1,6,148,'Applicant View Viewpreleaseapplicantfees','2010-10-12 21:09:41',NULL),(297,4,33,149,'Financial Refundforfeit Refund','2010-10-12 21:09:41',NULL),(298,4,33,150,'Financial Refundforfeit Forfeit','2010-10-12 21:09:41',NULL),(299,1,1,151,'Applicant Create Payapplicantbills','2010-10-17 13:01:53',NULL),(300,1,5,152,'Applicant Update Bgcheck','2010-10-17 13:01:53',NULL),(301,1,6,153,'Applicant View Bgcheckdetails','2010-10-17 13:01:53',NULL),(302,1,1,154,'Applicant Create Selectapplicantbills','2010-10-28 23:11:43',NULL),(303,1,1,155,'Applicant Create Payapplicantbillconfirmation','2010-10-28 23:11:43',NULL),(304,4,34,1,'Financial Report Index','2010-10-28 23:11:43',NULL),(305,4,34,156,'Financial Report Rentroll','2010-10-28 23:11:43',NULL),(306,12,1,1,'Unit Create Index','2010-10-28 23:11:43',NULL),(307,12,1,157,'Unit Create Selectleasebills','2010-10-28 23:11:43',NULL),(308,12,1,151,'Unit Create Payapplicantbills','2010-10-28 23:11:43',NULL),(309,12,1,155,'Unit Create Payapplicantbillconfirmation','2010-10-28 23:11:43',NULL),(311,12,21,157,'Unit Lease Selectleasebills','2010-11-03 21:09:25',NULL),(312,12,21,159,'Unit Lease Payleasebills','2010-11-03 21:09:25',NULL),(313,12,21,160,'Unit Lease Payleasebillconfirmation','2010-11-03 21:09:25',NULL),(314,12,19,161,'Unit Amenity Remove','2010-11-03 21:09:25',NULL),(315,12,24,161,'Unit Unit Remove','2010-11-03 21:09:25',NULL),(316,12,23,161,'Unit Unitmodel Remove','2010-11-03 21:09:25',NULL),(317,4,30,1,'Financial Financialaccountsetting Index','2010-11-14 00:12:29',NULL),(318,4,28,1,'Financial Accountlink Index','2010-11-14 00:12:29',NULL),(319,4,27,1,'Financial Fee Index','2010-11-14 00:12:29',NULL),(320,4,27,161,'Financial Fee Remove','2010-11-14 00:12:29',NULL),(321,4,26,1,'Financial Account Index','2010-11-14 00:12:29',NULL),(322,4,26,161,'Financial Account Remove','2010-11-14 00:12:29',NULL),(323,4,26,36,'Financial Account Createaccounttransaction','2010-11-14 00:12:29',NULL),(324,4,26,51,'Financial Account Viewaccounttransactions','2010-11-14 00:12:29',NULL),(325,4,26,59,'Financial Account Viewtransaction','2010-11-14 00:12:29',NULL),(326,6,35,65,'Maintenance Maintenance Createmaintenancerequestadmin','2010-11-14 00:12:29',NULL),(327,6,35,66,'Maintenance Maintenance Createmaintenancerequest','2010-11-14 00:12:29',NULL),(328,6,35,69,'Maintenance Maintenance Viewallmaintenancerequests','2010-11-14 00:12:29',NULL),(329,6,35,70,'Maintenance Maintenance Viewmaintenancerequest','2010-11-14 00:12:29',NULL),(330,6,35,71,'Maintenance Maintenance Viewmaintenancerequestadmin','2010-11-14 00:12:29',NULL),(331,6,35,72,'Maintenance Maintenance Viewmymaintenancerequests','2010-11-14 00:12:29',NULL),(332,6,35,73,'Maintenance Maintenance Viewassignedrequests','2010-11-14 00:12:29',NULL),(333,6,1,65,'Maintenance Create Createmaintenancerequestadmin','2010-11-14 00:12:29',NULL),(334,6,1,66,'Maintenance Create Createmaintenancerequest','2010-11-14 00:12:29',NULL),(335,6,11,1,'Maintenance Setting Index','2010-11-14 00:12:29',NULL),(336,6,11,162,'Maintenance Setting Viewsettings','2010-11-14 00:12:29',NULL),(337,12,22,161,'Unit Modelrentschedule Remove','2010-11-14 00:12:29',NULL),(338,1,34,1,'Applicant Report Index','2010-11-26 21:09:40',NULL),(339,1,34,163,'Applicant Report Applicant','2010-11-26 21:09:40',NULL),(340,6,35,1,'Maintenance Maintenance Index','2010-11-26 21:09:40',NULL),(341,12,13,164,'Unit Leasewizard Recurringfees','2010-11-26 21:09:40',NULL),(342,12,34,1,'Unit Report Index','2010-11-26 21:09:40',NULL),(343,12,34,165,'Unit Report Cancelledlease','2010-11-26 21:09:40',NULL),(344,12,34,166,'Unit Report Incomingtenets','2010-11-26 21:09:40',NULL),(345,1,34,167,'Applicant Report Paidfees','2010-11-29 20:08:48',NULL),(346,6,34,1,'Maintenance Report Index','2010-11-29 20:08:48',NULL),(347,6,34,168,'Maintenance Report Servicerequests','2010-11-29 20:08:48',NULL),(348,12,34,169,'Unit Report Outgoingtenets','2010-11-29 20:08:48',NULL);


DROP TABLE IF EXISTS `rolePermission`;
CREATE TABLE `rolePermission` (
  `id` int(11) NOT NULL AUTO_INCREMENT,
  `roleId` int(11) NOT NULL,
  `permissionId` int(11) NOT NULL,
  `dateCreated` datetime NOT NULL,
  `dateUpdated` datetime DEFAULT NULL,
  PRIMARY KEY (`id`),
  UNIQUE KEY `tuple` (`roleId`,`permissionId`),
  KEY `roleId` (`roleId`),
  KEY `permissionId` (`permissionId`)
) ENGINE=InnoDB AUTO_INCREMENT=623 DEFAULT CHARSET=utf8 COMMENT='Relation between roles and permissions';

INSERT INTO `rolePermission` VALUES (3,4,42,'2010-08-20 18:50:49','2010-08-20 18:50:51'),(4,4,43,'2010-08-20 18:51:05','2010-08-20 18:51:07'),(5,4,185,'2010-08-20 18:52:19','2010-08-20 18:52:21'),(8,1,1,'2010-08-20 20:14:20',NULL),(11,1,4,'2010-08-20 20:14:20',NULL),(12,1,5,'2010-08-20 20:14:20',NULL),(13,1,6,'2010-08-20 20:14:20',NULL),(49,1,42,'2010-08-20 20:14:20',NULL),(50,1,43,'2010-08-20 20:14:20',NULL),(81,1,74,'2010-08-20 20:14:20',NULL),(82,1,75,'2010-08-20 20:14:20',NULL),(83,1,76,'2010-08-20 20:14:20',NULL),(84,1,77,'2010-08-20 20:14:20',NULL),(85,1,78,'2010-08-20 20:14:20',NULL),(88,1,81,'2010-08-20 20:14:20',NULL),(89,1,82,'2010-08-20 20:14:20',NULL),(90,1,83,'2010-08-20 20:14:20',NULL),(96,1,89,'2010-08-20 20:14:20',NULL),(97,1,90,'2010-08-20 20:14:20',NULL),(98,1,91,'2010-08-20 20:14:20',NULL),(99,1,92,'2010-08-20 20:14:20',NULL),(100,1,93,'2010-08-20 20:14:20',NULL),(101,1,94,'2010-08-20 20:14:20',NULL),(102,1,95,'2010-08-20 20:14:20',NULL),(103,1,96,'2010-08-20 20:14:20',NULL),(104,1,97,'2010-08-20 20:14:20',NULL),(105,1,98,'2010-08-20 20:14:20',NULL),(106,1,99,'2010-08-20 20:14:20',NULL),(107,1,100,'2010-08-20 20:14:20',NULL),(108,1,101,'2010-08-20 20:14:20',NULL),(109,1,102,'2010-08-20 20:14:20',NULL),(110,1,103,'2010-08-20 20:14:20',NULL),(111,1,104,'2010-08-20 20:14:20',NULL),(112,1,105,'2010-08-20 20:14:20',NULL),(113,1,106,'2010-08-20 20:14:20',NULL),(114,1,107,'2010-08-20 20:14:20',NULL),(115,1,108,'2010-08-20 20:14:20',NULL),(116,1,109,'2010-08-20 20:14:20',NULL),(117,1,110,'2010-08-20 20:14:20',NULL),(118,1,111,'2010-08-20 20:14:20',NULL),(119,1,112,'2010-08-20 20:14:21',NULL),(120,1,113,'2010-08-20 20:14:21',NULL),(121,1,114,'2010-08-20 20:14:21',NULL),(122,1,115,'2010-08-20 20:14:21',NULL),(123,1,116,'2010-08-20 20:14:21',NULL),(124,1,117,'2010-08-20 20:14:21',NULL),(126,1,119,'2010-08-20 20:14:21',NULL),(127,1,120,'2010-08-20 20:14:21',NULL),(128,1,121,'2010-08-20 20:14:21',NULL),(129,1,122,'2010-08-20 20:14:21',NULL),(130,1,123,'2010-08-20 20:14:21',NULL),(144,1,137,'2010-08-20 20:14:21',NULL),(145,1,138,'2010-08-20 20:14:21',NULL),(146,1,139,'2010-08-20 20:14:21',NULL),(147,1,140,'2010-08-20 20:14:21',NULL),(148,1,141,'2010-08-20 20:14:21',NULL),(149,1,142,'2010-08-20 20:14:21',NULL),(150,1,143,'2010-08-20 20:14:21',NULL),(151,1,144,'2010-08-20 20:14:21',NULL),(152,1,145,'2010-08-20 20:14:21',NULL),(153,1,146,'2010-08-20 20:14:21',NULL),(154,1,147,'2010-08-20 20:14:21',NULL),(155,1,148,'2010-08-20 20:14:21',NULL),(156,1,149,'2010-08-20 20:14:21',NULL),(158,1,151,'2010-08-20 20:14:21',NULL),(159,1,152,'2010-08-20 20:14:21',NULL),(160,1,153,'2010-08-20 20:14:21',NULL),(161,1,154,'2010-08-20 20:14:21',NULL),(167,1,160,'2010-08-20 20:14:21',NULL),(182,1,175,'2010-08-20 20:14:21',NULL),(188,1,181,'2010-08-20 20:14:21',NULL),(189,1,182,'2010-08-20 20:14:21',NULL),(190,1,183,'2010-08-20 20:14:21',NULL),(191,1,184,'2010-08-20 20:14:21',NULL),(192,1,185,'2010-08-20 20:14:21',NULL),(194,1,187,'2010-08-20 20:14:21',NULL),(195,1,2,'2010-08-20 20:19:07',NULL),(196,7,2,'2010-08-20 20:19:07',NULL),(197,1,3,'2010-08-20 20:19:25',NULL),(198,7,3,'2010-08-20 20:19:25',NULL),(209,1,9,'2010-08-20 20:20:30',NULL),(210,5,9,'2010-08-20 20:20:30',NULL),(211,6,9,'2010-08-20 20:20:30',NULL),(212,7,9,'2010-08-20 20:20:30',NULL),(213,8,9,'2010-08-20 20:20:30',NULL),(226,1,14,'2010-08-20 20:25:33',NULL),(227,8,14,'2010-08-20 20:25:33',NULL),(228,1,15,'2010-08-20 20:27:10',NULL),(229,8,15,'2010-08-20 20:27:10',NULL),(230,1,16,'2010-08-20 20:27:51',NULL),(231,8,16,'2010-08-20 20:27:51',NULL),(232,1,17,'2010-08-20 20:28:10',NULL),(233,8,17,'2010-08-20 20:28:10',NULL),(235,1,18,'2010-08-20 20:28:39',NULL),(236,8,18,'2010-08-20 20:28:39',NULL),(237,1,19,'2010-08-20 20:28:53',NULL),(238,8,19,'2010-08-20 20:28:53',NULL),(239,1,20,'2010-08-20 20:29:13',NULL),(240,8,20,'2010-08-20 20:29:13',NULL),(241,1,21,'2010-08-20 20:29:52',NULL),(242,8,21,'2010-08-20 20:29:52',NULL),(243,1,22,'2010-08-20 20:30:03',NULL),(244,8,22,'2010-08-20 20:30:03',NULL),(245,1,23,'2010-08-20 20:30:14',NULL),(246,8,23,'2010-08-20 20:30:14',NULL),(247,1,24,'2010-08-20 20:30:31',NULL),(248,8,24,'2010-08-20 20:30:31',NULL),(249,1,25,'2010-08-20 20:30:42',NULL),(250,8,25,'2010-08-20 20:30:42',NULL),(251,1,26,'2010-08-20 20:30:53',NULL),(252,8,26,'2010-08-20 20:30:53',NULL),(256,1,28,'2010-08-20 20:33:06',NULL),(257,8,28,'2010-08-20 20:33:06',NULL),(258,1,29,'2010-08-20 20:33:22',NULL),(259,8,29,'2010-08-20 20:33:22',NULL),(260,1,30,'2010-08-20 20:33:36',NULL),(261,2,30,'2010-08-20 20:33:36',NULL),(262,1,31,'2010-08-20 20:33:55',NULL),(263,2,31,'2010-08-20 20:33:55',NULL),(264,1,32,'2010-08-20 20:34:09',NULL),(265,2,32,'2010-08-20 20:34:09',NULL),(266,1,33,'2010-08-20 20:34:21',NULL),(267,2,33,'2010-08-20 20:34:21',NULL),(268,1,34,'2010-08-20 20:34:37',NULL),(269,2,34,'2010-08-20 20:34:37',NULL),(270,1,35,'2010-08-20 20:34:49',NULL),(271,2,35,'2010-08-20 20:34:49',NULL),(272,1,36,'2010-08-20 20:35:05',NULL),(273,2,36,'2010-08-20 20:35:05',NULL),(274,1,37,'2010-08-20 20:35:18',NULL),(275,2,37,'2010-08-20 20:35:18',NULL),(276,1,38,'2010-08-20 20:35:33',NULL),(277,2,38,'2010-08-20 20:35:33',NULL),(278,1,39,'2010-08-20 20:35:47',NULL),(279,2,39,'2010-08-20 20:35:47',NULL),(280,1,40,'2010-08-20 20:36:06',NULL),(281,2,40,'2010-08-20 20:36:06',NULL),(298,1,52,'2010-08-20 20:38:47',NULL),(299,7,52,'2010-08-20 20:38:47',NULL),(302,1,53,'2010-08-20 20:39:35',NULL),(303,2,53,'2010-08-20 20:39:35',NULL),(304,4,53,'2010-08-20 20:39:35',NULL),(305,5,53,'2010-08-20 20:39:35',NULL),(306,6,53,'2010-08-20 20:39:35',NULL),(307,7,53,'2010-08-20 20:39:35',NULL),(308,8,53,'2010-08-20 20:39:35',NULL),(355,1,8,'2010-08-21 12:44:18',NULL),(356,2,8,'2010-08-21 12:44:18',NULL),(357,5,8,'2010-08-21 12:44:18',NULL),(358,6,8,'2010-08-21 12:44:18',NULL),(359,7,8,'2010-08-21 12:44:18',NULL),(360,8,8,'2010-08-21 12:44:18',NULL),(361,1,7,'2010-08-21 12:44:31',NULL),(362,2,7,'2010-08-21 12:44:31',NULL),(363,5,7,'2010-08-21 12:44:31',NULL),(364,6,7,'2010-08-21 12:44:31',NULL),(365,7,7,'2010-08-21 12:44:31',NULL),(366,8,7,'2010-08-21 12:44:31',NULL),(367,1,54,'2010-08-21 12:56:54',NULL),(375,1,188,'2010-08-22 20:46:57',NULL),(376,2,188,'2010-08-22 20:46:57',NULL),(377,8,188,'2010-08-22 20:46:57',NULL),(381,1,150,'2010-08-23 19:50:11',NULL),(382,2,150,'2010-08-23 19:50:11',NULL),(383,3,150,'2010-08-23 19:50:11',NULL),(384,4,150,'2010-08-23 19:50:11',NULL),(385,5,150,'2010-08-23 19:50:11',NULL),(386,6,150,'2010-08-23 19:50:11',NULL),(387,7,150,'2010-08-23 19:50:11',NULL),(388,8,150,'2010-08-23 19:50:11',NULL),(389,1,10,'2010-08-23 19:59:50',NULL),(390,3,10,'2010-08-23 19:59:50',NULL),(391,4,10,'2010-08-23 19:59:50',NULL),(392,8,10,'2010-08-23 19:59:50',NULL),(401,1,13,'2010-08-23 20:00:34',NULL),(402,3,13,'2010-08-23 20:00:34',NULL),(403,4,13,'2010-08-23 20:00:34',NULL),(404,8,13,'2010-08-23 20:00:34',NULL),(405,1,133,'2010-08-23 20:01:35',NULL),(406,2,133,'2010-08-23 20:01:35',NULL),(407,3,133,'2010-08-23 20:01:35',NULL),(408,4,133,'2010-08-23 20:01:35',NULL),(409,5,133,'2010-08-23 20:01:35',NULL),(410,6,133,'2010-08-23 20:01:35',NULL),(411,7,133,'2010-08-23 20:01:35',NULL),(412,8,133,'2010-08-23 20:01:35',NULL),(429,1,176,'2010-08-23 20:11:33',NULL),(430,3,176,'2010-08-23 20:11:33',NULL),(431,4,176,'2010-08-23 20:11:33',NULL),(432,1,178,'2010-08-23 20:12:04',NULL),(433,2,178,'2010-08-23 20:12:04',NULL),(434,8,178,'2010-08-23 20:12:04',NULL),(435,1,179,'2010-08-23 20:12:18',NULL),(436,2,179,'2010-08-23 20:12:19',NULL),(437,3,179,'2010-08-23 20:12:19',NULL),(438,4,179,'2010-08-23 20:12:19',NULL),(439,5,179,'2010-08-23 20:12:19',NULL),(440,6,179,'2010-08-23 20:12:19',NULL),(441,7,179,'2010-08-23 20:12:19',NULL),(442,8,179,'2010-08-23 20:12:19',NULL),(443,1,180,'2010-08-23 20:12:31',NULL),(444,2,180,'2010-08-23 20:12:31',NULL),(445,3,180,'2010-08-23 20:12:31',NULL),(446,4,180,'2010-08-23 20:12:31',NULL),(447,5,180,'2010-08-23 20:12:31',NULL),(448,6,180,'2010-08-23 20:12:31',NULL),(449,7,180,'2010-08-23 20:12:31',NULL),(450,8,180,'2010-08-23 20:12:31',NULL),(451,1,136,'2010-08-23 20:13:35',NULL),(452,4,136,'2010-08-23 20:13:35',NULL),(453,1,189,'2010-08-25 22:44:58',NULL),(454,5,189,'2010-08-25 22:44:58',NULL),(455,8,189,'2010-08-25 22:44:58',NULL),(456,7,189,'2010-08-25 22:44:58',NULL),(457,4,189,'2010-08-25 22:44:58',NULL),(458,2,189,'2010-08-25 22:44:58',NULL),(459,6,189,'2010-08-25 22:44:58',NULL),(460,3,189,'2010-08-25 22:44:58',NULL),(461,1,186,'2010-08-28 13:19:07',NULL),(462,2,186,'2010-08-28 13:19:07',NULL),(463,3,186,'2010-08-28 13:19:07',NULL),(464,4,186,'2010-08-28 13:19:07',NULL),(465,5,186,'2010-08-28 13:19:07',NULL),(466,6,186,'2010-08-28 13:19:07',NULL),(467,7,186,'2010-08-28 13:19:07',NULL),(468,8,186,'2010-08-28 13:19:07',NULL),(469,1,41,'2010-08-28 13:20:49',NULL),(470,4,41,'2010-08-28 13:20:49',NULL),(471,8,41,'2010-08-28 13:20:49',NULL),(472,1,195,'2010-08-28 14:34:35',NULL),(473,5,195,'2010-08-28 14:34:35',NULL),(474,8,195,'2010-08-28 14:34:35',NULL),(475,7,195,'2010-08-28 14:34:35',NULL),(476,2,195,'2010-08-28 14:34:35',NULL),(477,6,195,'2010-08-28 14:34:35',NULL),(478,1,192,'2010-08-29 18:53:23',NULL),(479,1,196,'2010-08-29 19:06:33',NULL),(480,5,196,'2010-08-29 19:06:33',NULL),(481,8,196,'2010-08-29 19:06:33',NULL),(482,7,196,'2010-08-29 19:06:33',NULL),(483,4,196,'2010-08-29 19:06:33',NULL),(484,2,196,'2010-08-29 19:06:33',NULL),(485,6,196,'2010-08-29 19:06:33',NULL),(486,3,196,'2010-08-29 19:06:33',NULL),(487,1,197,'2010-08-29 19:06:46',NULL),(488,5,197,'2010-08-29 19:06:46',NULL),(489,8,197,'2010-08-29 19:06:46',NULL),(490,7,197,'2010-08-29 19:06:46',NULL),(491,4,197,'2010-08-29 19:06:46',NULL),(492,2,197,'2010-08-29 19:06:46',NULL),(493,6,197,'2010-08-29 19:06:46',NULL),(494,3,197,'2010-08-29 19:06:46',NULL),(496,1,198,'2010-09-01 21:15:18',NULL),(497,8,198,'2010-09-01 21:15:18',NULL),(498,2,198,'2010-09-01 21:15:18',NULL),(499,1,217,'2010-09-04 20:12:56',NULL),(500,1,216,'2010-09-04 20:13:07',NULL),(501,1,218,'2010-09-04 20:13:30',NULL),(502,1,219,'2010-09-04 20:13:40',NULL),(504,1,205,'2010-09-04 20:14:52',NULL),(505,1,206,'2010-09-04 20:15:00',NULL),(506,1,204,'2010-09-04 20:15:12',NULL),(507,1,207,'2010-09-04 20:15:20',NULL),(508,1,208,'2010-09-04 20:15:36',NULL),(509,1,209,'2010-09-04 20:15:49',NULL),(510,1,232,'2010-09-04 20:17:14',NULL),(511,1,231,'2010-09-04 20:17:30',NULL),(512,1,230,'2010-09-04 20:17:45',NULL),(513,1,229,'2010-09-04 20:17:55',NULL),(514,1,233,'2010-09-04 20:18:11',NULL),(515,1,234,'2010-09-04 20:18:39',NULL),(516,1,211,'2010-09-04 20:19:09',NULL),(517,1,210,'2010-09-04 20:19:16',NULL),(518,1,212,'2010-09-04 20:19:28',NULL),(519,1,213,'2010-09-04 20:19:40',NULL),(520,1,222,'2010-09-04 20:20:15',NULL),(521,1,221,'2010-09-04 20:20:22',NULL),(522,1,220,'2010-09-04 20:20:35',NULL),(523,1,228,'2010-09-04 20:20:42',NULL),(524,1,226,'2010-09-04 20:21:00',NULL),(525,1,223,'2010-09-04 20:21:09',NULL),(526,1,224,'2010-09-04 20:21:19',NULL),(527,1,225,'2010-09-04 20:21:29',NULL),(528,1,227,'2010-09-04 20:21:36',NULL),(529,1,200,'2010-09-04 20:22:21',NULL),(530,1,199,'2010-09-04 20:22:27',NULL),(531,1,201,'2010-09-04 20:22:36',NULL),(532,1,202,'2010-09-04 20:22:46',NULL),(533,1,203,'2010-09-04 20:22:53',NULL),(534,1,190,'2010-09-04 20:23:08',NULL),(535,1,177,'2010-09-04 20:23:17',NULL),(536,1,235,'2010-09-04 23:50:29',NULL),(537,8,235,'2010-09-04 23:50:29',NULL),(538,2,235,'2010-09-04 23:50:29',NULL),(539,2,203,'2010-09-05 00:00:00',NULL),(540,8,203,'2010-09-05 00:00:00',NULL),(541,2,226,'2010-09-05 00:00:00',NULL),(542,4,226,'2010-09-05 00:00:00',NULL),(543,8,226,'2010-09-05 00:00:00',NULL),(544,1,278,'2010-09-06 15:44:35',NULL),(545,1,279,'2010-09-06 15:44:44',NULL),(546,1,280,'2010-09-06 15:44:50',NULL),(547,1,281,'2010-09-06 15:44:56',NULL),(548,1,270,'2010-09-06 15:45:06',NULL),(549,1,271,'2010-09-06 15:45:12',NULL),(550,1,272,'2010-09-06 15:45:21',NULL),(551,1,273,'2010-09-06 15:45:26',NULL),(552,1,263,'2010-09-06 15:45:51',NULL),(553,1,264,'2010-09-06 15:45:58',NULL),(554,1,265,'2010-09-06 15:46:04',NULL),(555,1,267,'2010-09-06 15:46:38',NULL),(556,1,268,'2010-09-06 15:46:45',NULL),(557,1,266,'2010-09-06 15:46:52',NULL),(558,1,269,'2010-09-06 15:47:08',NULL),(559,8,269,'2010-09-06 15:47:08',NULL),(560,1,73,'2010-09-06 15:48:30',NULL),(561,7,73,'2010-09-06 15:48:30',NULL),(562,1,274,'2010-09-06 15:52:48',NULL),(563,7,274,'2010-09-06 15:52:48',NULL),(564,1,275,'2010-09-06 15:52:56',NULL),(565,7,275,'2010-09-06 15:52:56',NULL),(566,1,276,'2010-09-06 15:53:04',NULL),(567,7,276,'2010-09-06 15:53:04',NULL),(568,1,277,'2010-09-06 15:53:16',NULL),(569,2,277,'2010-09-06 15:53:16',NULL),(570,1,259,'2010-09-06 15:53:38',NULL),(571,7,259,'2010-09-06 15:53:38',NULL),(572,1,260,'2010-09-06 15:53:45',NULL),(573,7,260,'2010-09-06 15:53:45',NULL),(574,1,261,'2010-09-06 15:53:52',NULL),(575,7,261,'2010-09-06 15:53:52',NULL),(576,1,262,'2010-09-06 15:54:07',NULL),(577,8,262,'2010-09-06 15:54:07',NULL),(578,7,262,'2010-09-06 15:54:07',NULL),(579,1,282,'2010-09-06 20:10:57',NULL),(580,8,282,'2010-09-06 20:10:57',NULL),(581,4,282,'2010-09-06 20:10:57',NULL),(582,2,282,'2010-09-06 20:10:57',NULL),(585,1,289,'2010-09-14 22:41:59',NULL),(586,5,289,'2010-09-14 22:41:59',NULL),(587,8,289,'2010-09-14 22:41:59',NULL),(588,7,289,'2010-09-14 22:41:59',NULL),(589,4,289,'2010-09-14 22:41:59',NULL),(590,2,289,'2010-09-14 22:41:59',NULL),(591,6,289,'2010-09-14 22:41:59',NULL),(592,3,289,'2010-09-14 22:41:59',NULL),(594,1,291,'2010-09-20 23:30:48',NULL),(595,6,291,'2010-09-20 23:30:48',NULL),(600,1,290,'2010-09-30 22:49:18',NULL),(601,5,290,'2010-09-30 22:49:18',NULL),(602,1,283,'2010-09-30 22:49:37',NULL),(603,5,283,'2010-09-30 22:49:37',NULL),(604,1,292,'2010-09-30 22:49:46',NULL),(605,5,292,'2010-09-30 22:49:46',NULL),(606,1,294,'2010-10-12 21:18:35',NULL),(607,5,294,'2010-10-12 21:18:35',NULL),(608,1,295,'2010-10-12 21:18:46',NULL),(609,5,295,'2010-10-12 21:18:46',NULL),(610,1,300,'2010-10-17 13:05:50',NULL),(611,5,300,'2010-10-17 13:05:50',NULL),(612,1,301,'2010-10-17 13:06:03',NULL),(613,5,301,'2010-10-17 13:06:03',NULL),(618,1,304,'2010-11-03 21:34:49',NULL),(619,1,305,'2010-11-03 21:35:18',NULL),(620,1,339,'2010-11-29 21:01:16',NULL),(621,1,345,'2010-11-29 21:01:25',NULL),(622,1,338,'2010-11-29 21:01:34',NULL);


DROP TABLE IF EXISTS `reports`;
CREATE TABLE `reports` (
  `id` int(11) NOT NULL AUTO_INCREMENT,
  `name` varchar(30) NOT NULL,
  `cacheIdentifier` varchar(50) NOT NULL,
  `moduleId` int(11) NOT NULL,
  `cacheTtl` int(11) DEFAULT '60',
  `urlPath` varchar(50) NOT NULL COMMENT 'The partial url for this report',
  `dateCreated` datetime NOT NULL,
  `dateUpdated` datetime DEFAULT NULL,
  PRIMARY KEY (`id`),
  KEY `name` (`name`(5)),
  KEY `moduleId` (`moduleId`)
) ENGINE=InnoDB AUTO_INCREMENT=8 DEFAULT CHARSET=utf8 COMMENT='Report interface';


INSERT INTO `reports` VALUES (1,'rentRoll','rentRoll',4,30,'rentroll','2010-10-28 22:56:59','2010-11-06 12:35:00'),(2,'cancelledLease','cancelledLease',12,60,'cancelledlease','2010-11-24 20:04:21',NULL),(3,'incomingTenets','incomingTenets',12,60,'incomingtenets','2010-11-24 20:04:21',NULL),(4,'applicantReport','appreport',1,60,'applicant','2010-11-26 21:23:55','2010-11-26 21:23:58'),(5,'outgoingTenets','outgoingTenets',12,60,'outgoingtenets','2010-11-24 20:04:21',NULL),(6,'serviceRequests','serviceRequests',6,60,'servicerequests','2010-11-24 20:04:21',NULL),(7,'applicantpaidFees','applicantpaidfees',1,60,'paidfees','2010-11-29 20:49:56','2010-11-29 20:49:59');

ALTER TABLE `permission` ADD CONSTRAINT `permission_ibfk_1` FOREIGN KEY ( `moduleId` ) REFERENCES `apmgr`.`modules` (`id`) ON DELETE CASCADE ON UPDATE CASCADE ;
ALTER TABLE `reports` ADD CONSTRAINT `reports_ibfk_1` FOREIGN KEY (`moduleId`) REFERENCES `apmgr`.`modules` (`id`) ON DELETE CASCADE ON UPDATE CASCADE;
ALTER TABLE `rolePermission` ADD CONSTRAINT `rolePermission_ibfk_1` FOREIGN KEY ( `roleId` ) REFERENCES `apmgr`.`role` (`id`) ON DELETE CASCADE ON UPDATE CASCADE ;
ALTER TABLE `rolePermission` ADD CONSTRAINT `rolePermission_ibfk_2` FOREIGN KEY ( `permissionId` ) REFERENCES `apmgr`.`permission` (`id`) ON DELETE CASCADE ON UPDATE CASCADE ;